duration_months,company_tier,role_relevance,project_count,internship_score
12.0,4.0,0.34588525704081674,4.0,8.447392819021648
11.0,3.0,0.6586772919058368,1.0,8.903637788766094
4.0,2.0,0.41103224516804904,5.0,7.828305147823741
6.0,4.0,0.5717640038387147,3.0,6.06159285451664
7.0,3.0,0.8850424247903701,1.0,7.170895840041541
3.0,2.0,0.36388670091806385,2.0,6.377825503569008
10.0,3.0,0.3979238396885486,1.0,7.261419845256045
7.0,4.0,0.8659039712668444,5.0,7.454013334806183
3.0,3.0,0.35809393023784863,1.0,3.644484116778784
6.0,3.0,0.4393628990686843,2.0,6.685082646277714
10.0,1.0,0.8008122223582614,0.0,10.0
6.0,3.0,0.5918669023914298,5.0,8.35512529081373
9.0,2.0,0.9338858487702641,1.0,9.88679580223955
12.0,4.0,0.47066294017222887,3.0,8.581868396518166
5.0,4.0,0.4790264083801581,2.0,4.356820258637758
12.0,1.0,0.042928370716479036,3.0,10.0
5.0,4.0,0.19730316366181666,3.0,4.367086601680861
7.0,4.0,0.539999316051791,1.0,5.2016881285817504
10.0,4.0,0.18711063697115315,2.0,6.503856800307715
1.0,2.0,0.45358339568229844,3.0,6.750597856566801
9.0,2.0,0.28331718012756457,1.0,9.071114998469012
7.0,3.0,0.020813330710572675,0.0,4.507999025654255
8.0,4.0,0.47510942753891583,1.0,5.407287211699655
12.0,2.0,0.6462699822537848,2.0,10.0
6.0,4.0,0.3382336964634661,1.0,4.560506537169933
12.0,2.0,0.7765269615292131,1.0,10.0
7.0,4.0,0.1460539307945985,4.0,5.9313945248231965
3.0,1.0,0.091291735422102,4.0,7.481464981760168
8.0,4.0,0.9348414940460628,5.0,7.915602744674143
3.0,4.0,0.9216565477070114,4.0,5.9710010491447605
11.0,3.0,0.40654424850523885,2.0,8.828161816472951
2.0,3.0,0.4199318880479025,5.0,5.540325769055099
6.0,2.0,0.8510355797973315,5.0,10.0
10.0,4.0,0.5305211180459597,1.0,6.245124550056166
1.0,1.0,0.11711378826719832,1.0,5.649215513965692
6.0,2.0,0.11487344271800148,5.0,8.2939615036628
7.0,1.0,0.13113073830969568,5.0,10.0
5.0,2.0,0.7807652043355564,5.0,9.436629401833525
9.0,3.0,0.601896265593443,2.0,8.5400023254879
4.0,2.0,0.29976619110907166,5.0,8.238746184523091
5.0,2.0,0.16207342040324946,4.0,8.015704051589127
4.0,1.0,0.1234635206339989,4.0,8.739194645858804
8.0,2.0,0.7413875087843116,3.0,10.0
11.0,2.0,0.8858625696091056,1.0,10.0
3.0,1.0,0.5310783866712191,4.0,8.842344989847936
5.0,4.0,0.7727100971850992,5.0,6.667697515807262
3.0,4.0,0.2831284049916425,5.0,4.482512592975132
3.0,4.0,0.585663793454085,3.0,4.167173832399321
12.0,1.0,0.4380388478451426,0.0,10.0
9.0,2.0,0.08769419218029229,4.0,10.0
12.0,4.0,0.48736677447475796,1.0,7.866399428753177
8.0,2.0,0.8467867489989576,1.0,9.00572376982879
8.0,1.0,0.05178251782599497,0.0,8.07560423158477
9.0,3.0,0.47710597697115553,0.0,6.740762883676019
8.0,1.0,0.8732630760610351,2.0,10.0
10.0,3.0,0.7900719294766435,1.0,8.82966836119301
4.0,2.0,0.4934499796666494,2.0,7.263049202365636
2.0,3.0,0.17134463926368737,3.0,4.033367023615981
6.0,3.0,0.8485261962914995,3.0,7.470700965016545
1.0,3.0,0.15313458235462163,2.0,2.8625658385327117
1.0,3.0,0.2768207131971018,2.0,3.5939549834510314
1.0,1.0,0.12427519145223431,5.0,7.735075454679246
1.0,4.0,0.4590091144279007,1.0,2.1547547740874795
9.0,1.0,0.6291979279726508,0.0,10.0
8.0,4.0,0.8271183109857416,4.0,7.837297513288338
12.0,4.0,0.46133760838185633,0.0,6.460074604827991
4.0,3.0,0.9707202715851897,4.0,7.253542732192702
4.0,3.0,0.5958569874552183,1.0,5.476383166333398
6.0,1.0,0.6044100352750758,5.0,10.0
10.0,4.0,0.1752880296263355,1.0,5.362306296911958
12.0,3.0,0.1901160345200964,0.0,8.12262894300169
9.0,2.0,0.5766261570835003,2.0,9.480072815662679
7.0,3.0,0.7208794037554325,2.0,7.760549905598928
12.0,3.0,0.2047066876477971,4.0,9.9038889590435
3.0,2.0,0.4840176776925935,3.0,6.8848695225148635
6.0,2.0,0.35620006130816384,5.0,9.621357389953337
3.0,1.0,0.43876375608179075,4.0,8.48673082642243
2.0,4.0,0.22213093801535355,1.0,2.374528229920034
5.0,3.0,0.14072286403234757,0.0,4.089638929400919
10.0,2.0,0.3205010290538708,1.0,9.189713016202544
4.0,3.0,0.868916666839154,5.0,7.789379392305983
10.0,3.0,0.8052257595087662,4.0,9.982315571948783
8.0,1.0,0.10165413371271248,4.0,10.0
9.0,1.0,0.0878085122803608,1.0,9.56467036787118
3.0,1.0,0.4929512288190442,2.0,7.681533652500248
11.0,1.0,0.27738220213947773,4.0,10.0
3.0,4.0,0.8234257950112601,5.0,5.502512298816354
5.0,1.0,0.4861811795794011,3.0,9.820046535487785
10.0,4.0,0.852707740451865,0.0,7.0135673684766235
9.0,3.0,0.10819881864237713,5.0,8.825276558971812
4.0,1.0,0.9700770767284456,5.0,10.0
4.0,4.0,0.7671013420774461,0.0,3.5923372382790064
6.0,1.0,0.7318765630660359,2.0,10.0
6.0,4.0,0.9402161612316954,5.0,7.410572860642356
1.0,1.0,0.4703027402251736,5.0,7.970580783257257
3.0,3.0,0.14888891406185134,5.0,5.252284433248671
2.0,2.0,0.49690074584107613,5.0,7.946497958825684
2.0,3.0,0.8152238394105589,0.0,3.340033507856477
5.0,4.0,0.8595429589656343,0.0,4.277791464019324
1.0,4.0,0.48854570562783284,2.0,2.4065980069076405
9.0,2.0,0.7323022201742937,3.0,10.0
9.0,1.0,0.2469527002391878,2.0,10.0
3.0,2.0,0.23054704190987696,1.0,5.5662973301999905
11.0,4.0,0.5862595523830681,1.0,7.234324035018658
8.0,3.0,0.42175116875759966,3.0,8.671805861699125
4.0,4.0,0.1610524094220972,5.0,4.8610988327993985
3.0,2.0,0.7613624928283792,4.0,8.4271955177052
6.0,3.0,0.532147447725962,1.0,5.6146891928175116
12.0,1.0,0.5203923074165578,0.0,10.0
1.0,1.0,0.1893095196796798,1.0,5.946501030246414
1.0,3.0,0.2411406362659272,4.0,4.56320287774028
5.0,1.0,0.6927078843826668,0.0,8.470486331803448
12.0,2.0,0.8519030825013485,4.0,10.0
4.0,2.0,0.17721214681431374,3.0,6.930955633345398
9.0,3.0,0.8123457211941818,3.0,8.889454827632633
7.0,4.0,0.7880951668927496,5.0,7.391408922004065
3.0,4.0,0.8149118185753278,3.0,4.874961885310068
11.0,3.0,0.581743813891831,3.0,9.7977242652497
2.0,4.0,0.35184201869075127,2.0,2.2445419387733967
7.0,3.0,0.7710209216190432,3.0,8.196434390395877
8.0,1.0,0.47994542157203657,2.0,10.0
9.0,2.0,0.2218640814052526,0.0,8.075205568739733
11.0,4.0,0.40238676015720143,0.0,6.063107308758826
9.0,4.0,0.45771684128034906,4.0,7.33098916215838
8.0,2.0,0.5053451527916993,3.0,9.347247768246561
2.0,2.0,0.8975635754087848,2.0,7.250801045788185
4.0,4.0,0.41116501257626836,4.0,4.942884350245543
5.0,1.0,0.2848108170410196,2.0,8.94795553477424
5.0,4.0,0.9623479576913012,1.0,5.793259684421467
2.0,3.0,0.24194819093109077,3.0,4.4979379844411636
2.0,4.0,0.011116290742092083,2.0,2.4728296373745513
6.0,2.0,0.8498210181212253,5.0,9.989805336564613
9.0,3.0,0.9544457707681575,4.0,10.0
11.0,2.0,0.6821319474729187,4.0,10.0
12.0,1.0,0.40764965419212085,4.0,10.0
6.0,2.0,0.5437546851943035,4.0,9.248572667439133
11.0,4.0,0.8320015710966563,4.0,9.372272511210495
6.0,1.0,0.8853403299465953,2.0,9.888915167255364
6.0,1.0,0.10252588671091978,4.0,9.444945196264502
3.0,4.0,0.8679967172410039,0.0,3.4194284581132766
8.0,4.0,0.6173498162163165,3.0,6.624384663468703
4.0,4.0,0.03227855213599673,3.0,3.1453525516135796
6.0,4.0,0.10848570257039691,0.0,3.195678384788577
12.0,4.0,0.045534213713688265,3.0,7.555376975590246
7.0,4.0,0.948558572585442,0.0,5.450191639563555
4.0,4.0,0.42651790266668455,4.0,5.011808201617559
9.0,3.0,0.7156156308578508,3.0,9.070926669440707
9.0,2.0,0.0017173413479111277,3.0,8.772982754343245
8.0,2.0,0.7931719665755405,3.0,9.963095392537234
1.0,2.0,0.4820353873133164,1.0,5.2424073826129804
3.0,3.0,0.9236026697626786,3.0,6.184249879412443
2.0,3.0,0.5208974912551904,1.0,3.9232673649126624
12.0,1.0,0.7888001492240496,4.0,10.0
4.0,1.0,0.6294666913603165,0.0,7.750329241690262
6.0,3.0,0.5205384726396178,0.0,5.644658084707402
11.0,4.0,0.9482441888685016,4.0,8.803840412202922
12.0,4.0,0.49559922212537466,0.0,6.6701233297728155
3.0,1.0,0.8923883649741768,5.0,9.85825840930034
11.0,3.0,0.036077630134868977,0.0,7.308660931379861
9.0,3.0,0.6574188452491182,3.0,8.241132308464222
8.0,2.0,0.9116615792341454,5.0,10.0
3.0,3.0,0.8992753294862739,4.0,7.013909305456213
9.0,2.0,0.48505363050535044,3.0,10.0
8.0,4.0,0.47209716596968043,4.0,6.812206732907676
6.0,4.0,0.8105134346232395,4.0,6.72496738527918
8.0,3.0,0.33501588510620384,0.0,6.481123760361749
3.0,2.0,0.9371614251565444,1.0,6.842039367146832
8.0,3.0,0.25068412055425937,1.0,5.829687071228329
2.0,4.0,0.07439782731311972,1.0,1.9931154922699368
4.0,2.0,0.7719239526128563,1.0,7.163927301743805
6.0,4.0,0.40472425551224955,3.0,5.29952560152177
2.0,3.0,0.3557773685633401,5.0,5.117443182655884
11.0,1.0,0.32090995477958595,3.0,10.0
11.0,3.0,0.9804422341860389,0.0,8.698241299355063
6.0,1.0,0.5716766530732158,4.0,10.0
7.0,3.0,0.9919144425987909,3.0,8.442894055987516
4.0,4.0,0.3435809883434695,4.0,4.526371911037648
3.0,4.0,0.41396923866031077,2.0,3.186908836527132
12.0,3.0,0.21176269810866788,2.0,9.145413306196167
5.0,1.0,0.43036411633950356,3.0,9.437399874714812
12.0,4.0,0.06200534290361548,4.0,7.975356238872298
1.0,2.0,0.0005578519329870746,1.0,3.814401337611037
2.0,1.0,0.45307347610535353,3.0,7.769689381072811
6.0,4.0,0.7460239245928239,5.0,6.917814580155345
10.0,1.0,0.43706516646205407,0.0,10.0
6.0,2.0,0.51800539916342,1.0,7.22324275943889
11.0,1.0,0.4456158955655217,3.0,10.0
2.0,3.0,0.5268042799212918,5.0,6.229040157180875
11.0,4.0,0.7756040477496772,5.0,8.729829698237166
6.0,3.0,0.8037862906184453,3.0,7.633177351565454
4.0,4.0,0.8380580437124706,3.0,5.48833708043768
8.0,4.0,0.21242990806961637,2.0,5.541471588587473
10.0,4.0,0.4578444563439169,2.0,6.7919866247723855
12.0,1.0,0.8310056962035713,4.0,10.0
2.0,1.0,0.9418790198772952,3.0,8.937254024205895
9.0,2.0,0.5429833824041141,3.0,10.0
4.0,3.0,0.49299997800170836,5.0,6.561471501566307
7.0,4.0,0.76459477114746,0.0,4.8476840363239555
6.0,2.0,0.9916943136025408,5.0,10.0
10.0,3.0,0.42593219835132456,4.0,9.361748563686929
5.0,1.0,0.1650996782348335,3.0,9.28856999753309
4.0,3.0,0.8343068010869454,3.0,7.564291513509166
6.0,4.0,0.7104252084799801,3.0,5.7732399749175425
9.0,2.0,0.1450757719952812,3.0,8.930967201582362
11.0,1.0,0.3235092967380516,2.0,10.0
1.0,2.0,0.5532233922300136,4.0,6.936144599754647
7.0,4.0,0.7314655603268763,1.0,5.834599882186639
1.0,4.0,0.7806465835550647,3.0,4.2428864126571835
8.0,3.0,0.15573136982991398,3.0,7.300421083864946
8.0,3.0,0.21675067056714614,2.0,7.079918295800039
11.0,2.0,0.7441225144250455,4.0,10.0
3.0,4.0,0.1161123727740857,1.0,1.480129260734886
10.0,4.0,0.49816023892456196,3.0,7.484424668554596
9.0,4.0,0.54599215439167,1.0,5.7458580326614275
8.0,4.0,0.3393545471256155,1.0,5.371716255229132
8.0,3.0,0.7963362141268813,3.0,8.028254432092014
7.0,4.0,0.055415810745790384,5.0,5.88903175427632
1.0,3.0,0.7774444947807966,1.0,4.135192750653731
10.0,3.0,0.6460327483149886,0.0,7.903774146853914
5.0,3.0,0.507217575673398,0.0,5.0002033771039756
2.0,1.0,0.8723726974786018,2.0,8.804948945336536
8.0,4.0,0.20224643803361297,4.0,6.875331966809961
12.0,2.0,0.800774035124349,4.0,10.0
9.0,3.0,0.18777454076154654,1.0,7.358371981859002
3.0,4.0,0.9904460972230009,5.0,6.509552629083055
10.0,1.0,0.032764769889810696,0.0,9.52835882756692
11.0,2.0,0.5531972591780506,3.0,10.0
4.0,4.0,0.1680168142213092,5.0,4.820817162504639
7.0,2.0,0.4079750664733717,4.0,9.122450316499533
11.0,3.0,0.1479466701745613,4.0,9.132193036472282
2.0,3.0,0.19382545179054012,1.0,3.7834476753000588
5.0,4.0,0.06098050872648819,4.0,4.753173860398081
6.0,3.0,0.008003545273850943,2.0,5.349750226429141
1.0,2.0,0.719305886106666,2.0,5.660812950506697
3.0,1.0,0.4534605327461706,3.0,8.1794879459083
8.0,2.0,0.045592185178122246,3.0,8.542027803745771
4.0,3.0,0.9389698188838715,1.0,6.151890603959921
3.0,3.0,0.6656101454625324,5.0,6.573195940097945
4.0,4.0,0.264273132033494,5.0,5.299057034507964
2.0,4.0,0.4386951471200986,1.0,2.4364773187365865
8.0,2.0,0.489266682905633,1.0,8.52138594857086
4.0,1.0,0.5699278147708642,0.0,7.947594473985504
8.0,2.0,0.8574502776695622,2.0,9.96790817072106
10.0,2.0,0.5899002827341522,1.0,9.258445197696838
6.0,4.0,0.9787261490448632,5.0,7.132248204347195
11.0,4.0,0.7268090892967259,5.0,9.384763228990833
3.0,4.0,0.9885171982708091,4.0,5.583826243450973
12.0,4.0,0.5507491512764806,1.0,8.010870999119959
4.0,1.0,0.6784491884630895,4.0,9.8764186346849
4.0,1.0,0.7378985720646466,2.0,9.486906033746745
12.0,3.0,0.754747034568997,1.0,9.29749141497222
6.0,2.0,0.02442962833629092,3.0,7.38758566038875
9.0,4.0,0.12747432073515796,0.0,4.663243890112227
10.0,2.0,0.22772238602908934,5.0,10.0
6.0,1.0,0.2714944908764181,0.0,8.390810326337249
4.0,1.0,0.9053681892953226,1.0,7.979787105087857
6.0,2.0,0.7226032234724356,1.0,7.7941357675297835
5.0,1.0,0.14328161053436883,3.0,9.131025405128288
5.0,2.0,0.4263550330810799,4.0,8.2590145218414
3.0,3.0,0.24312154512908257,5.0,6.308109031351916
11.0,4.0,0.8298636465708097,2.0,8.819032536640464
7.0,3.0,0.9177969860195556,1.0,7.359709366149839
10.0,1.0,0.16429013681358917,0.0,10.0
8.0,2.0,0.4165707819775105,3.0,10.0
5.0,4.0,0.952836985253163,5.0,7.026301182669467
4.0,2.0,0.6570894426915891,0.0,6.2997599291666875
12.0,3.0,0.8680968683429341,5.0,10.0
1.0,4.0,0.35769373100415425,1.0,2.0706524880199937
4.0,1.0,0.2097023662365698,5.0,9.407760144311048
9.0,2.0,0.6913037289790341,0.0,8.73745436038984
7.0,3.0,0.13742633487746903,5.0,8.290071265243837
8.0,4.0,0.8399018967262603,1.0,6.098619456135884
1.0,4.0,0.7548371568554116,1.0,2.8677929448555
3.0,2.0,0.3049066350268034,1.0,5.688673452014458
8.0,2.0,0.4987115197189682,0.0,8.545512586735487
4.0,4.0,0.7991938996193749,4.0,5.343674022442119
6.0,4.0,0.9349103197724256,0.0,4.61452651893507
12.0,4.0,0.35216049588722764,2.0,7.960666912323457
8.0,3.0,0.7899918183852644,5.0,9.240881844797338
8.0,2.0,0.19446708109428334,2.0,8.423922700935442
3.0,2.0,0.9035401391865641,4.0,8.77160304826109
8.0,3.0,0.6862500101999565,4.0,8.337050378719834
12.0,2.0,0.15273932007014823,4.0,10.0
8.0,3.0,0.7398289216099309,5.0,9.843181460017142
10.0,3.0,0.7240576712682807,0.0,7.940343043020516
12.0,2.0,0.7422974569170884,1.0,10.0
11.0,2.0,0.3448774174246808,1.0,9.610972432421159
5.0,4.0,0.7398002499268358,0.0,3.7280445639114546
4.0,2.0,0.8265700568100571,0.0,6.673887581125047
4.0,2.0,0.3471289095410822,0.0,5.611246150976488
10.0,2.0,0.20795766658104375,5.0,10.0
5.0,2.0,0.8878799214929188,5.0,9.915604061474346
10.0,3.0,0.6206940649811684,3.0,9.715122816598752
10.0,4.0,0.4603871690449497,5.0,8.51912060174325
8.0,2.0,0.879743905939987,2.0,10.0
2.0,1.0,0.1360056435781477,2.0,7.245658756490431
9.0,4.0,0.8105846058609751,5.0,8.445177121026495
3.0,1.0,0.4908212758833034,0.0,7.064100102963964
7.0,4.0,0.04252426151803135,0.0,3.457564229791476
3.0,1.0,0.9726126856785379,3.0,9.000576219004246
1.0,2.0,0.7780667427488424,1.0,5.662861746113341
8.0,4.0,0.21475582385457725,4.0,6.113866762294616
6.0,1.0,0.9236955800012666,3.0,10.0
8.0,1.0,0.9353455586557802,1.0,10.0
6.0,3.0,0.8004656000965181,0.0,6.152229100036318
5.0,1.0,0.1271704331420751,0.0,6.783120965002271
1.0,1.0,0.18638133323337291,2.0,6.574922096378324
4.0,3.0,0.754032934904249,1.0,5.390051847731655
11.0,4.0,0.9138057704629918,0.0,7.180673608665329
10.0,4.0,0.21501813789442015,4.0,7.767987731161719
6.0,4.0,0.46082783522360005,5.0,6.32518461998312
1.0,3.0,0.15479395968245258,5.0,4.842843699986844
12.0,3.0,0.4780078428306942,0.0,8.396430823570713
9.0,4.0,0.6425291300347242,1.0,6.4372759858723905
1.0,3.0,0.018554888409359926,2.0,3.3499932534974985
3.0,1.0,0.6429271916942968,5.0,10.0
3.0,1.0,0.639749927685734,3.0,8.63949928450434
11.0,3.0,0.4550084868656362,2.0,9.27273106431302
12.0,4.0,0.8954022625942131,5.0,10.0
5.0,3.0,0.13481901752005454,3.0,5.546893461026707
3.0,2.0,0.05131183045372334,5.0,7.064283440163817
8.0,2.0,0.4958311599746559,5.0,10.0
4.0,3.0,0.5330345200821096,5.0,6.7150236143311375
2.0,4.0,0.2666891862436851,3.0,3.3008236157289663
4.0,2.0,0.9616277066536864,2.0,7.906831284861979
4.0,3.0,0.2537272399831496,0.0,3.8773344228904585
1.0,2.0,0.2701618287331279,4.0,6.3696655673706335
9.0,1.0,0.8109864548212067,1.0,10.0
5.0,2.0,0.922823675828765,0.0,8.031350197782508
7.0,1.0,0.5361397460048596,4.0,10.0
7.0,3.0,0.01905398694656435,2.0,6.0830604851624415
10.0,1.0,0.3554348825558603,3.0,10.0
10.0,2.0,0.22393982861582573,4.0,10.0
7.0,4.0,0.5110180473346554,1.0,5.378696758194524
11.0,1.0,0.6825717892687797,4.0,10.0
7.0,2.0,0.39243628540801234,3.0,8.652093458764735
1.0,3.0,0.5373599807259233,3.0,4.693740094978624
11.0,4.0,0.7598603144122315,1.0,7.844146418111486
10.0,4.0,0.24614700847316628,4.0,7.7232029844246055
6.0,1.0,0.19596789826376027,1.0,8.594745428907387
5.0,1.0,0.8056349468271816,3.0,10.0
11.0,4.0,0.03702362384083513,4.0,7.716553143704047
6.0,3.0,0.15059658371056506,0.0,4.1582379593841665
5.0,4.0,0.012356745462270502,2.0,3.957374466678647
9.0,1.0,0.5553847934559067,4.0,10.0
4.0,1.0,0.6000857318073685,1.0,8.294258965823987
5.0,1.0,0.5310306943695038,0.0,8.116362817089167
10.0,1.0,0.4142690293102802,2.0,10.0
3.0,4.0,0.5290291234184641,2.0,3.226246041521417
1.0,4.0,0.19393780151596263,5.0,2.806267623881487
5.0,2.0,0.8262427248361569,4.0,8.851771777693402
3.0,1.0,0.9807730037062758,1.0,8.709417538585853
5.0,1.0,0.5406228826460545,1.0,8.147259206522858
1.0,2.0,0.3743555383183894,1.0,4.4846267856343776
8.0,3.0,0.7917827165591712,5.0,9.70897942925821
7.0,4.0,0.19307193108419518,2.0,4.5779164597080815
4.0,3.0,0.3207735660958353,5.0,6.478632675267399
8.0,4.0,0.9399805834353263,0.0,5.90450762169168
2.0,4.0,0.1862941726179358,3.0,2.9573811669749186
1.0,4.0,0.11211557783658221,0.0,0.4100633712196222
6.0,1.0,0.5463536956445234,3.0,10.0
2.0,4.0,0.5874173366827583,0.0,2.2944910992246275
11.0,4.0,0.5971501040109201,0.0,6.312340050812224
4.0,3.0,0.16447822904091303,0.0,3.8934093508985748
6.0,3.0,0.7211447272885667,4.0,7.727314485653733
4.0,4.0,0.24228112793273693,3.0,4.021736810071297
6.0,3.0,0.9481025509468991,3.0,8.113128802795941
2.0,2.0,0.22795717734871168,1.0,4.903036648512223
12.0,3.0,0.017311479100916904,1.0,8.30864758299555
3.0,4.0,0.5678451933174161,2.0,3.872934581906937
5.0,1.0,0.20284787310671204,5.0,10.0
11.0,3.0,0.6285738253474129,4.0,10.0
6.0,1.0,0.22921336057094777,0.0,8.288656788273718
9.0,3.0,0.4280843641898019,0.0,6.971697319438677
1.0,1.0,0.17951440078801273,2.0,5.858850691673037
4.0,4.0,0.428811357077414,1.0,3.120001517126905
10.0,3.0,0.13652033872339608,2.0,7.709663557466506
4.0,2.0,0.33797305772584463,5.0,8.149779200636823
5.0,3.0,0.19893161681780303,1.0,5.005184861409366
1.0,3.0,0.8161018727831083,3.0,4.890118183018208
7.0,1.0,0.7293540835945105,2.0,10.0
5.0,3.0,0.16681939816389346,3.0,5.802901303484292
11.0,3.0,0.0829045525276777,3.0,8.663502766238004
5.0,2.0,0.02574460601302908,3.0,6.8502644798857455
10.0,2.0,0.22667179613444077,1.0,8.652330564214902
11.0,2.0,0.48017736599671124,5.0,10.0
11.0,1.0,0.3998831968642005,1.0,10.0
9.0,4.0,0.971499031762559,0.0,6.416926834576514
8.0,3.0,0.7922456451919524,0.0,7.581038073295141
6.0,2.0,0.07818668274786456,0.0,6.1184805600823795
1.0,2.0,0.158932382533298,2.0,4.792085982735285
2.0,3.0,0.02659905187485645,4.0,4.7977867472929745
5.0,1.0,0.1382263614382565,0.0,7.225132974197753
8.0,3.0,0.5294171488262903,0.0,6.720636018271841
1.0,1.0,0.07673803532520918,3.0,6.26976264914741
12.0,4.0,0.05986794731012701,3.0,7.238392538290458
12.0,4.0,0.11816150429593408,3.0,7.772940577928544
1.0,4.0,0.6694136450732134,0.0,1.7693420144748717
2.0,1.0,0.01935812490810984,1.0,5.796008815347305
11.0,1.0,0.9696261001940625,2.0,10.0
3.0,2.0,0.3807862635145526,4.0,7.324302555281599
3.0,2.0,0.33658736102372044,3.0,6.460205658895986
3.0,3.0,0.4748128339678629,4.0,5.793986920614447
9.0,3.0,0.5178617946166306,3.0,8.600708554066127
2.0,2.0,0.4200133889638339,2.0,5.53370324253178
3.0,1.0,0.4863258808143107,3.0,8.291441901396118
5.0,2.0,0.3397339007492862,2.0,7.339648343666172
8.0,3.0,0.32200742072343225,0.0,6.13686403244916
12.0,2.0,0.027315265115261056,3.0,10.0
3.0,2.0,0.6718005340770477,1.0,6.072680272459479
4.0,1.0,0.6172719795652378,1.0,7.930580553598757
7.0,1.0,0.6688203773722011,4.0,10.0
6.0,3.0,0.9410550540649721,0.0,6.989853865100893
8.0,4.0,0.4730847396688014,0.0,5.115905472059972
3.0,4.0,0.8817704343022418,2.0,3.8636815957360575
8.0,4.0,0.44394324685784825,3.0,6.600051343935384
12.0,3.0,0.4776140274615617,5.0,10.0
9.0,3.0,0.6329525177148896,3.0,8.764447822447789
9.0,1.0,0.2159013993856187,1.0,9.755144617426108
1.0,1.0,0.21735612255710335,2.0,7.041538688976407
11.0,3.0,0.509831844219614,2.0,8.679431314924754
9.0,4.0,0.06860981772029384,2.0,5.731303312281225
8.0,4.0,0.23665804942399393,4.0,6.267718957572613
2.0,3.0,0.7934121535809415,4.0,6.308472730974859
7.0,1.0,0.46373342732623957,4.0,10.0
9.0,4.0,0.02662193354911635,2.0,5.92960966094384
8.0,2.0,0.0607414183622893,1.0,7.8369181751213315
2.0,1.0,0.919515378572632,0.0,7.130970596483211
1.0,4.0,0.9567184483402927,4.0,5.288297669940614
6.0,1.0,0.6411038378215835,5.0,10.0
9.0,2.0,0.18494510854174662,0.0,7.7046916324349395
5.0,3.0,0.36808620745252296,0.0,4.7978345327589125
9.0,4.0,0.30546705652130435,1.0,5.800184201073396
12.0,4.0,0.7851563208214376,4.0,9.748150985323447
11.0,1.0,0.5370896851257652,1.0,10.0
8.0,1.0,0.7796565486146969,0.0,10.0
9.0,4.0,0.36051061021499975,2.0,6.4814725233107895
2.0,2.0,0.8695114634767065,2.0,6.484753077082583
2.0,1.0,0.42916237472947716,2.0,7.990740980661125
9.0,3.0,0.4173740683812439,3.0,8.925414482027552
10.0,3.0,0.4890984380224874,1.0,8.218486344616936
3.0,4.0,0.5918057537044134,0.0,2.695220522674013
8.0,2.0,0.8941118531581281,0.0,8.804989471129673
4.0,4.0,0.4577555447973871,4.0,4.818381771156382
2.0,3.0,0.9301362372139818,3.0,5.801957206939516
5.0,4.0,0.3936683353668802,1.0,3.1313013462643484
6.0,2.0,0.3245726945417158,5.0,9.608224424957305
10.0,3.0,0.29504560731878726,3.0,8.943327307126221
11.0,4.0,0.021152004699864224,4.0,7.039297971670006
12.0,4.0,0.8491439406138563,4.0,9.965284255688546
2.0,2.0,0.07923373776263432,1.0,4.65615309316069
12.0,3.0,0.33433135258726887,3.0,9.608948863379837
7.0,3.0,0.25045678638723123,3.0,7.1487660253436855
3.0,1.0,0.7444367341932215,2.0,7.966037311585309
8.0,1.0,0.9325871756708981,3.0,10.0
1.0,3.0,0.8167097839288437,2.0,4.657263920897198
6.0,1.0,0.31999832975725273,0.0,8.16413134888436
10.0,3.0,0.4557573435309291,0.0,7.001267867550175
12.0,2.0,0.2470368964346089,2.0,10.0
4.0,2.0,0.9239801913213695,5.0,9.665904881461366
3.0,4.0,0.11874457458987975,1.0,2.3596885884057404
7.0,2.0,0.9519544556447065,3.0,9.835152537935931
2.0,4.0,0.8136568274160046,0.0,3.434025835707814
12.0,4.0,0.7115777125263103,3.0,8.64578298937504
4.0,4.0,0.7739936566500353,1.0,4.280022703441296
3.0,4.0,0.3393468069020472,2.0,3.251675725508302
3.0,3.0,0.2958865074071122,4.0,6.195466899716256
5.0,2.0,0.3814208655676522,2.0,7.378866675909717
9.0,4.0,0.18161324842075466,5.0,7.543573070340028
11.0,4.0,0.7463600851961038,0.0,7.144435264861485
9.0,2.0,0.4750438370060198,0.0,8.132590915354719
8.0,2.0,0.8858099583197169,1.0,9.010955780627272
4.0,2.0,0.8783815092768525,1.0,7.1740626555645015
12.0,1.0,0.15585387858254485,2.0,10.0
12.0,2.0,0.2188182686737863,5.0,10.0
8.0,1.0,0.41064022566112657,1.0,9.759259985315285
10.0,4.0,0.1188144596176337,2.0,6.649288859569868
4.0,2.0,0.689433884760382,0.0,5.784138841277132
6.0,3.0,0.7375956553365053,4.0,7.586445271624699
10.0,1.0,0.7213503587959317,3.0,10.0
6.0,3.0,0.4702103140180689,0.0,5.802913779509158
10.0,3.0,0.8432162218673352,2.0,9.157414600362756
11.0,3.0,0.6058457467386003,1.0,9.001579027085038
12.0,4.0,0.9936117761866095,2.0,8.954446052463506
4.0,1.0,0.815438218109179,1.0,8.937831536776446
6.0,3.0,0.7222588157830618,4.0,7.906491936713903
5.0,2.0,0.12330280251749104,0.0,5.8695790325643475
7.0,4.0,0.832600037631681,3.0,6.744254122506743
9.0,3.0,0.30557221565804926,4.0,8.71245661828249
4.0,4.0,0.4189142955448609,0.0,3.343249757152074
3.0,1.0,0.46276028462028496,5.0,8.938193215268369
4.0,2.0,0.33131052897870983,4.0,7.642106051195603
10.0,3.0,0.1084388001294565,1.0,7.276273764512322
12.0,1.0,0.19936384788835326,2.0,10.0
2.0,3.0,0.8034664544322626,4.0,5.987567342698509
12.0,1.0,0.6522701322317147,3.0,10.0
1.0,1.0,0.9428414909660993,4.0,9.344687378555472
7.0,3.0,0.8210683536514637,5.0,9.120920380737639
2.0,2.0,0.40222022604811525,2.0,6.535824412265442
12.0,2.0,0.7862061504263718,0.0,10.0
10.0,2.0,0.5764291924631171,2.0,10.0
5.0,3.0,0.286301082824973,3.0,6.238405817789336
9.0,3.0,0.9750893133357391,4.0,9.982858487802792
11.0,3.0,0.9284909933541279,1.0,9.759581766790072
3.0,4.0,0.11219845379245752,5.0,3.874080211767771
8.0,3.0,0.8394214816636502,0.0,6.638487168302927
4.0,1.0,0.0776867197602027,3.0,8.263667742665405
9.0,1.0,0.9288191937719055,2.0,10.0
7.0,4.0,0.62416604281347,4.0,6.834103720512319
9.0,2.0,0.1665822444473315,1.0,8.53490704258539
8.0,2.0,0.8172624358079378,5.0,10.0
8.0,2.0,0.5157818407635075,0.0,7.587443622928113
2.0,4.0,0.05954987468042394,4.0,3.203471660502803
11.0,4.0,0.7984273847917338,2.0,8.491888968654896
3.0,2.0,0.7883381889891865,3.0,7.628206464421767
5.0,3.0,0.48205994685014697,1.0,5.07113243521385
7.0,3.0,0.7311096664942628,2.0,7.362062197560071
11.0,3.0,0.04014832901306775,2.0,8.247323676940104
8.0,4.0,0.31810659681476605,1.0,5.674902278468948
3.0,3.0,0.6732223825609911,0.0,3.7595409407687996
4.0,1.0,0.23060572552470315,2.0,8.06958108678005
3.0,3.0,0.4504113796713176,2.0,4.621160492353599
8.0,4.0,0.9319467587890101,4.0,8.016211646479645
9.0,1.0,0.8267517785730397,2.0,10.0
9.0,2.0,0.5579965476627059,3.0,10.0
10.0,1.0,0.5767163308645061,2.0,10.0
9.0,3.0,0.8870060173029531,2.0,9.115980749551172
11.0,1.0,0.8630591021027094,4.0,10.0
11.0,3.0,0.08829673438296826,4.0,8.775445388616442
4.0,1.0,0.46557738049785136,5.0,10.0
4.0,4.0,0.19085365357144068,2.0,3.6303157648551747
1.0,2.0,0.08321975708784002,0.0,3.835566443669373
4.0,2.0,0.292395508677496,3.0,6.8775010226193665
7.0,4.0,0.6106438053453076,2.0,6.016918372978848
8.0,2.0,0.7943703208565303,0.0,9.201468334699593
11.0,1.0,0.9124763695257383,5.0,10.0
8.0,4.0,0.4229561347881797,3.0,6.374260079513514
12.0,1.0,0.42232307331109487,3.0,10.0
7.0,2.0,0.15325254784920295,3.0,8.090642495233137
11.0,1.0,0.19484128382638577,5.0,10.0
10.0,3.0,0.10249489070081408,4.0,8.744236540370594
6.0,2.0,0.975900546321928,4.0,9.849567406826397
11.0,4.0,0.1275974364154352,4.0,7.86703494982967
11.0,1.0,0.7566424505838379,4.0,10.0
4.0,3.0,0.3177642901667823,4.0,6.085261615403821
3.0,1.0,0.5371477994703119,0.0,6.7882347314279885
2.0,1.0,0.8727102121042635,2.0,8.301691897517866
12.0,2.0,0.9361674514742002,1.0,10.0
6.0,4.0,0.24023031886584179,5.0,6.02593413002812
7.0,4.0,0.9112694033600838,3.0,6.738919723084217
4.0,3.0,0.25205243439918,3.0,5.558394095475107
5.0,2.0,0.804797202630107,3.0,8.11391440328284
5.0,2.0,0.015250376858487957,4.0,7.726915455897626
7.0,1.0,0.5352314762690444,4.0,10.0
3.0,2.0,0.7258126866619589,1.0,6.516759187932475
10.0,2.0,0.8389389688982419,5.0,10.0
5.0,3.0,0.841128886394696,4.0,7.309437789919211
3.0,1.0,0.29886783342009693,1.0,6.980689418506672
1.0,1.0,0.8531496094809895,3.0,8.618949260515022
2.0,3.0,0.32364702775355847,2.0,4.305475460036146
4.0,1.0,0.23376736783453878,2.0,8.006497248086209
9.0,2.0,0.0014732697202091138,5.0,9.725654089655839
11.0,3.0,0.23571525513340474,1.0,7.639551025387188
12.0,4.0,0.11843882378939852,5.0,8.819874204868437
4.0,3.0,0.6749366025989959,3.0,6.560079994654219
8.0,4.0,0.14478762776088594,4.0,6.352267485961874
4.0,2.0,0.5853835177445659,4.0,8.68363419791545
2.0,3.0,0.12646775972522262,3.0,4.048197002479588
7.0,4.0,0.7044185328618452,1.0,5.462648047956175
8.0,1.0,0.28554550164786674,5.0,10.0
10.0,3.0,0.3086963876133907,3.0,8.68070643142695
2.0,2.0,0.6403853151150554,2.0,6.7215825942367
9.0,4.0,0.9389453237101401,1.0,6.565437982636721
4.0,2.0,0.9916010499569748,0.0,7.235841562502567
4.0,4.0,0.35726361156658304,1.0,3.646839147042816
1.0,4.0,0.9463265732168958,0.0,2.185739313984347
3.0,3.0,0.6123214683021446,5.0,6.864724844827694
6.0,1.0,0.906468576064126,2.0,10.0
3.0,1.0,0.027852148161440438,3.0,7.624846845006744
4.0,3.0,0.03317285184792618,4.0,5.802360202949342
7.0,2.0,0.07457397770408536,5.0,8.61696314758277
2.0,2.0,0.8043930019338057,2.0,6.787926961899329
11.0,4.0,0.13795647796454746,0.0,5.931084278084994
4.0,2.0,0.17658501163977813,3.0,6.455306403491319
10.0,2.0,0.5853999019862456,5.0,10.0
8.0,2.0,0.9574458620689561,2.0,10.0
10.0,4.0,0.5671124870804397,0.0,6.043411402865788
4.0,2.0,0.7325958008693723,4.0,8.798773118429537
3.0,2.0,0.1877342634901784,3.0,6.468686606131992
2.0,3.0,0.9141740531486433,0.0,4.345284776259969
3.0,1.0,0.055876648566197784,0.0,6.060618587165492
7.0,3.0,0.28281900831094653,3.0,7.153442656202247
8.0,3.0,0.45372419132940234,0.0,6.6483280944136505
10.0,1.0,0.22617215474612173,1.0,10.0
12.0,4.0,0.6637608141129633,1.0,7.700619030103232
10.0,1.0,0.6787924332037119,2.0,10.0
5.0,4.0,0.21185801861538134,4.0,5.121024309069333
6.0,4.0,0.008591268731870216,2.0,4.132752704955798
12.0,1.0,0.07431724799065231,5.0,10.0
9.0,2.0,0.0004278850272756429,3.0,9.150870639356091
6.0,1.0,0.9053937154973559,2.0,9.761283749077187
10.0,3.0,0.6216656952220425,3.0,9.315724172758456
2.0,2.0,0.13843527537019484,0.0,4.768925429610206
9.0,2.0,0.09251292219844032,5.0,10.0
12.0,4.0,0.8175948644785515,1.0,8.160232924569195
7.0,3.0,0.811039595776331,5.0,8.94331389991094
8.0,4.0,0.9273796402142775,3.0,7.502577464493643
1.0,3.0,0.15927348125447294,1.0,2.7600246403075013
8.0,2.0,0.522274760159522,2.0,9.437339455036222
4.0,1.0,0.12147605670243478,0.0,6.483866206000623
12.0,1.0,0.7956395647745966,3.0,10.0
4.0,3.0,0.4124847838071448,0.0,4.144706150542606
4.0,3.0,0.6958255565776691,3.0,6.942024839768765
5.0,3.0,0.030313682230715178,1.0,4.503697665977709
9.0,4.0,0.7779309970918005,0.0,5.891438755322177
12.0,1.0,0.22948628475047184,1.0,10.0
5.0,3.0,0.8428043578066644,0.0,5.412197119952522
3.0,3.0,0.18585848391828685,5.0,6.030082450854355
10.0,3.0,0.7900972375949854,5.0,10.0
7.0,1.0,0.13410573167990714,5.0,10.0
6.0,2.0,0.6634172383170589,4.0,9.148137706744192
12.0,1.0,0.7792587252094815,1.0,10.0
6.0,1.0,0.3862328511121689,4.0,10.0
8.0,4.0,0.2443326139046098,4.0,6.833597004844771
12.0,3.0,0.3445275946434907,1.0,9.15683915547539
3.0,4.0,0.29659165898495077,5.0,5.124610896905537
11.0,3.0,0.6330666303549622,5.0,10.0
12.0,1.0,0.04456174448005179,2.0,10.0
6.0,4.0,0.041436385442046086,3.0,4.319392382062092
5.0,3.0,0.287772579854234,5.0,7.625592094649939
2.0,1.0,0.276973361693828,1.0,6.264658518005161
1.0,1.0,0.17707023817428413,5.0,7.545561648082199
12.0,4.0,0.7168149465887174,1.0,7.631939487898991
6.0,3.0,0.02376292376879363,5.0,7.008106946208008
9.0,1.0,0.9242347693904343,1.0,10.0
3.0,2.0,0.7574868264630448,4.0,7.585040825858108
4.0,4.0,0.4029577021134356,3.0,4.119213766076869
10.0,4.0,0.8589344199347679,2.0,7.3590912457220155
8.0,4.0,0.6181535173936458,2.0,6.555030578994669
3.0,2.0,0.570229561599448,1.0,6.142453583654191
1.0,1.0,0.31301786094606665,4.0,7.799142298172968
10.0,2.0,0.6631046736186462,5.0,10.0
1.0,3.0,0.13969471108450515,3.0,3.7173574952390944
1.0,4.0,0.5248992943783393,1.0,2.3462380463246792
4.0,3.0,0.11611006073964214,4.0,5.867864487034166
12.0,1.0,0.4451469412537207,2.0,10.0
8.0,3.0,0.6162712097021783,5.0,8.727369461070163
1.0,1.0,0.15550343753900553,1.0,5.967204392798549
12.0,3.0,0.22211961207760755,3.0,9.065848210747445
12.0,2.0,0.8132577251170766,2.0,10.0
9.0,3.0,0.25571286723417785,5.0,9.035092302070225
1.0,3.0,0.09555605806847278,0.0,1.7830013609250057
1.0,3.0,0.33069012127099373,3.0,4.238899354852433
11.0,1.0,0.9351399403070518,4.0,10.0
10.0,4.0,0.6937825615694014,2.0,7.44604937355733
10.0,3.0,0.5754343202505798,3.0,9.194967715687769
6.0,3.0,0.8404196214977621,1.0,6.4851227871585815
8.0,2.0,0.6601872500318644,2.0,9.497857240293836
3.0,1.0,0.8111454488057616,5.0,9.915994159325527
1.0,3.0,0.6571570021935532,2.0,3.9919367301846282
3.0,2.0,0.8642578201707759,1.0,6.930905751640982
8.0,4.0,0.6240081755153254,3.0,7.028945531297893
5.0,3.0,0.26487486935888316,2.0,5.711609168702096
8.0,2.0,0.04111814285119919,4.0,9.020077827263666
6.0,1.0,0.10532024692005881,0.0,7.128800782665028
7.0,3.0,0.5124457856179236,5.0,8.969398622501942
12.0,4.0,0.9717683805949787,4.0,9.357007528953368
8.0,2.0,0.7594616862247237,5.0,10.0
12.0,3.0,0.7754426702065114,2.0,10.0
12.0,1.0,0.6637871219469609,2.0,10.0
8.0,2.0,0.9034881326389217,2.0,9.894346178657383
12.0,4.0,0.7354593195420667,5.0,10.0
3.0,2.0,0.2583634108711814,0.0,5.0761770236403585
7.0,4.0,0.49948228517075755,3.0,6.7041486155236685
1.0,2.0,0.40434299631686876,1.0,4.5557365368151626
2.0,4.0,0.16539081810874545,3.0,2.540163642233561
2.0,3.0,0.22237706474069752,5.0,5.346503809433538
2.0,4.0,0.28515678823270196,4.0,4.092563054239856
5.0,3.0,0.17364366499228623,0.0,4.174224347291003
9.0,2.0,0.21730839923573142,2.0,9.063706274008702
12.0,2.0,0.91639336102378,0.0,10.0
12.0,3.0,0.34323920820934495,2.0,9.420173502396224
3.0,4.0,0.8275166895834012,1.0,3.960455531635712
6.0,1.0,0.06438994432760392,4.0,10.0
6.0,4.0,0.9818093895928307,3.0,6.556088292093239
2.0,4.0,0.7647917412896393,1.0,2.8924688130827576
1.0,4.0,0.9067160670736093,5.0,4.857597801315366
5.0,3.0,0.525911371579564,4.0,6.950106704820299
11.0,4.0,0.6345379182003379,3.0,9.025541430913396
5.0,2.0,0.360819029339267,2.0,7.06184106279315
5.0,3.0,0.4320312209738343,1.0,5.509004743291561
12.0,4.0,0.7507428143285576,3.0,8.551225948916123
5.0,4.0,0.04996863999890522,4.0,4.6397827979342345
9.0,3.0,0.036551335399587326,5.0,8.486971514169792
12.0,2.0,0.8749210477285015,4.0,10.0
2.0,4.0,0.1100076400494655,0.0,1.4305411907083299
7.0,3.0,0.7210299493398731,5.0,9.367159440367743
5.0,4.0,0.19954279729751534,1.0,3.800356394839527
2.0,3.0,0.36620888641852645,0.0,3.2125262942000434
1.0,4.0,0.29354981944083625,3.0,2.3037837961309564
8.0,2.0,0.49033548987039133,2.0,8.732539074853978
8.0,3.0,0.8266614865868076,0.0,7.24414436598021
7.0,4.0,0.875534090847725,1.0,5.798404015711578
9.0,3.0,0.2220445251938874,1.0,7.02146702762216
9.0,1.0,0.33764849915948947,2.0,10.0
1.0,4.0,0.836916859188292,4.0,4.605004947770192
1.0,2.0,0.08963500193551288,4.0,5.23746485717506
5.0,1.0,0.11689683853528843,0.0,7.056654122575259
7.0,2.0,0.4795814196881526,1.0,7.636030706787046
11.0,1.0,0.790144356111975,3.0,10.0
12.0,4.0,0.33597618108488425,4.0,9.045922284989157
10.0,4.0,0.0694319094902518,0.0,5.052537648035738
4.0,2.0,0.9678675472064772,2.0,7.966178295145132
7.0,4.0,0.9389113222571054,0.0,5.577095501441782
2.0,3.0,0.6519014163086008,2.0,4.7032079252077725
6.0,4.0,0.6818764131118148,2.0,5.478541125502003
2.0,1.0,0.9336953513521313,1.0,7.942617428253874
12.0,1.0,0.643863414734065,5.0,10.0
6.0,4.0,0.7884124293129985,4.0,6.437530240260535
9.0,2.0,0.4635158686554183,3.0,10.0
2.0,3.0,0.22800259814882784,4.0,5.340662803994841
12.0,4.0,0.832532151789574,1.0,8.5494423912566
7.0,2.0,0.6843819294780461,5.0,10.0
1.0,1.0,0.2895621712928538,2.0,6.724761489372046
5.0,4.0,0.6232755511608306,2.0,4.622556735916349
3.0,2.0,0.8164839821445223,3.0,7.613782264725548
1.0,1.0,0.2703452263377085,3.0,7.006561007186334
1.0,2.0,0.7681521087219072,3.0,6.413940153473061
9.0,3.0,0.0723433889918218,4.0,8.259573381022292
11.0,4.0,0.6249488241409268,1.0,7.378744197266098
8.0,1.0,0.998933625204296,4.0,10.0
9.0,3.0,0.8663747373989499,1.0,8.559200489130287
1.0,1.0,0.8756580522899685,1.0,6.700275023057605
3.0,2.0,0.6803571528382734,2.0,6.793969719799435
1.0,2.0,0.46118712759584524,3.0,6.2671688371085486
12.0,3.0,0.67721553195935,3.0,10.0
9.0,3.0,0.32119233711213013,0.0,6.535292526431143
12.0,1.0,0.5527685374189522,4.0,10.0
11.0,1.0,0.5396799104493076,3.0,10.0
3.0,3.0,0.5437303509234969,3.0,4.98687541113251
7.0,2.0,0.4119875904518647,4.0,9.459797087407061
8.0,3.0,0.35280183036130697,4.0,7.672049594089596
9.0,1.0,0.3303545143539607,2.0,10.0
9.0,3.0,0.22473085827947303,2.0,7.636286796077723
6.0,4.0,0.4385472449378486,1.0,4.238837190106161
1.0,2.0,0.11774565363547951,3.0,5.409674159596843
12.0,3.0,0.9015735423209381,1.0,9.455717285059974
9.0,2.0,0.06968379971361849,3.0,9.396911606705858
11.0,2.0,0.8374187147485667,2.0,10.0
3.0,1.0,0.24124840836438066,1.0,7.378086299116317
2.0,2.0,0.8532191794779191,2.0,6.563831487861774
11.0,4.0,0.7202661947472286,5.0,9.899879946114913
10.0,1.0,0.92097512126206,3.0,10.0
11.0,2.0,0.8702329741435597,2.0,10.0
6.0,4.0,0.7010875235684093,2.0,5.114876712928666
11.0,2.0,0.1516788230918762,3.0,9.765173042182345
3.0,4.0,0.5490453198046304,0.0,2.6110216224450338
10.0,2.0,0.33982805362545143,3.0,10.0
6.0,3.0,0.8857756356404242,0.0,6.508787825069427
2.0,4.0,0.8722284940547849,5.0,5.593348368858723
9.0,3.0,0.31403745239871084,3.0,8.37123096416189
5.0,4.0,0.6716995792779947,0.0,3.597318791869289
2.0,3.0,0.3382848270572134,2.0,4.4064947226400095
9.0,1.0,0.6781904953913194,5.0,10.0
10.0,1.0,0.6138710443936849,5.0,10.0
4.0,3.0,0.5109479524520792,0.0,4.575702131135935
12.0,2.0,0.8784060140676272,1.0,10.0
9.0,2.0,0.2460502656822472,0.0,8.416898285960157
1.0,2.0,0.7974666642989185,2.0,5.940470110772093
5.0,4.0,0.6895077229722929,5.0,6.210530158324298
12.0,4.0,0.2812678697706955,4.0,8.35294414742712
3.0,4.0,0.42168575461089897,1.0,3.4124260501145494
12.0,1.0,0.06901417052308056,1.0,10.0
7.0,3.0,0.5975766577032856,3.0,8.084204785140074
9.0,3.0,0.8878909459755109,3.0,8.966365641902572
9.0,4.0,0.11781842339802107,2.0,5.887623993454062
7.0,2.0,0.13199846000598237,2.0,7.842749739601105
7.0,3.0,0.4745668524576646,5.0,8.819144242391927
7.0,2.0,0.28123010405783744,3.0,8.888973855492813
8.0,2.0,0.27692891141379916,4.0,9.578424835950573
9.0,1.0,0.6386701341168086,5.0,10.0
6.0,3.0,0.4102563774642892,2.0,6.808001246659155
6.0,1.0,0.8446475588893303,4.0,10.0
10.0,3.0,0.4289061207435837,4.0,8.67749510902485
10.0,4.0,0.6152754816410713,1.0,6.172981326329721
8.0,1.0,0.39789137886833525,1.0,9.311264353002601
6.0,1.0,0.2560234971697254,0.0,8.190755657899436
7.0,3.0,0.4713321064567534,3.0,8.107004493406864
7.0,4.0,0.7204804260909692,4.0,6.32897265065634
6.0,1.0,0.9528091406754693,4.0,10.0
3.0,2.0,0.04216682590559795,2.0,5.611041390247658
7.0,1.0,0.5318269476809787,4.0,10.0
6.0,4.0,0.635966009185933,0.0,4.035550762626185
1.0,4.0,0.08572052673885289,3.0,2.3486810002227987
12.0,1.0,0.829171023922357,2.0,10.0
9.0,1.0,0.27595199865804954,4.0,10.0
2.0,1.0,0.8749119459578175,5.0,9.793185978205619
3.0,4.0,0.552606961750216,3.0,4.2119205554440295
7.0,4.0,0.15207892768195175,3.0,5.329434943143303
11.0,2.0,0.7392208902190904,5.0,10.0
6.0,1.0,0.15722850262005406,2.0,9.099418127910726
10.0,3.0,0.7203784388482979,0.0,7.593048611718359
2.0,4.0,0.8081982193893948,3.0,3.515807718655509
7.0,4.0,0.5755291451280665,2.0,5.605999902899074
10.0,2.0,0.27109244599314286,3.0,10.0
11.0,4.0,0.43733776364541077,4.0,8.200442458730906
3.0,4.0,0.5280204549710062,3.0,4.111988073238962
9.0,4.0,0.6657810997228228,1.0,5.965353303026627
1.0,2.0,0.6339255382669025,3.0,6.586650069622052
2.0,2.0,0.4004243293625631,2.0,5.99642154850644
11.0,2.0,0.7581663674604794,1.0,10.0
9.0,2.0,0.7714163649355044,4.0,10.0
3.0,4.0,0.6963311990829958,1.0,2.974589819177476
12.0,3.0,0.27215470420688437,3.0,9.139641411280188
12.0,4.0,0.4693962867146625,5.0,9.402195146297323
1.0,4.0,0.43275700214329915,1.0,2.019634447504226
1.0,2.0,0.8167922359448654,2.0,6.302898073172112
3.0,4.0,0.8081799809344816,1.0,3.507480099634768
10.0,3.0,0.8660809046257799,2.0,9.455775316138988
8.0,3.0,0.2311757813734916,1.0,6.888589020971055
7.0,2.0,0.7484545669873828,5.0,10.0
5.0,1.0,0.8703992086757036,1.0,9.333697589334939
6.0,1.0,0.16649074106336215,3.0,9.270625243026487
8.0,2.0,0.03993706062490099,0.0,7.041982228559248
1.0,4.0,0.10550854845592261,2.0,1.7618863937993434
8.0,4.0,0.6062023767018667,5.0,8.223384040119893
3.0,1.0,0.42164787045558494,4.0,9.117878654084835
10.0,3.0,0.19505136392789002,1.0,7.637658057984434
3.0,4.0,0.5283035717568284,5.0,4.920484283638336
1.0,4.0,0.7855225142746414,4.0,3.80159248391177
6.0,3.0,0.8558176806969795,2.0,7.3284959936807725
6.0,3.0,0.7517209827954959,5.0,8.87656555978342
7.0,2.0,0.8855113948021844,1.0,9.288044109164215
11.0,4.0,0.6041853987183935,1.0,6.472579640657076
9.0,1.0,0.8370736807831642,5.0,10.0
5.0,4.0,0.4171870923625419,5.0,5.9594702691993895
9.0,4.0,0.8524786176576872,4.0,8.477636344564512
7.0,2.0,0.8958131888170178,1.0,8.269643144815367
3.0,3.0,0.6864080607184095,1.0,4.801744370407423
1.0,4.0,0.43104630464937155,3.0,3.108946984367906
1.0,2.0,0.2816739129610746,0.0,3.7109234983066095
3.0,2.0,0.325179472947566,5.0,6.783865534904868
10.0,1.0,0.1323551020734428,5.0,10.0
6.0,2.0,0.0471618052607915,4.0,8.079388811572738
6.0,2.0,0.4144180460981123,5.0,9.761237218559277
5.0,4.0,0.04266868555804604,1.0,3.0373618283507073
4.0,4.0,0.8805880266982272,5.0,6.2351604154717055
9.0,2.0,0.649958090222649,1.0,9.509219432136346
1.0,1.0,0.8436672462272691,0.0,6.997390623133483
8.0,2.0,0.44441666074921227,1.0,8.176208791700592
12.0,2.0,0.2239529436753499,4.0,10.0
11.0,3.0,0.29027882893496004,5.0,9.924037509791036
5.0,1.0,0.8547331206241424,3.0,10.0
11.0,4.0,0.12189323049101486,1.0,6.445017383824236
3.0,3.0,0.6982658341878836,3.0,6.150072571539167
3.0,1.0,0.225690242570181,3.0,8.04687495706178
5.0,2.0,0.3531698801646299,3.0,7.3821731622193
1.0,3.0,0.003046752970858879,2.0,2.4450170931711424
4.0,3.0,0.4790887693300667,0.0,4.401790742192798
11.0,3.0,0.12835281714028735,2.0,8.548091091893504
10.0,1.0,0.8596474081839218,5.0,10.0
4.0,2.0,0.09772791900653832,2.0,6.268065740227088
4.0,3.0,0.25036853735565046,0.0,3.998629107771356
5.0,3.0,0.014798405884745236,2.0,5.122327364810996
2.0,2.0,0.9928773782230785,2.0,6.687527403359982
2.0,3.0,0.6414377279545803,3.0,5.516936001658745
12.0,1.0,0.6435768210038422,3.0,10.0
9.0,4.0,0.5188608485495089,2.0,6.431142044596034
9.0,3.0,0.8680554992067058,0.0,7.8672132876089025
4.0,3.0,0.14418808484438106,2.0,4.27341133037776
11.0,3.0,0.7928518564660492,0.0,8.639718087723498
3.0,4.0,0.8071234759519763,3.0,4.574309373621452
12.0,4.0,0.036128357979896664,2.0,7.450026588020937
7.0,4.0,0.13267694921208673,2.0,4.705761071268655
4.0,2.0,0.5471489008726178,3.0,7.854897155759519
10.0,1.0,0.09019152044321299,4.0,10.0
6.0,1.0,0.2823662262198672,1.0,7.878902238067204
4.0,4.0,0.4036731099900164,3.0,4.239685323736963
9.0,4.0,0.15721755877033683,3.0,6.373462294074705
9.0,3.0,0.7041466880981916,3.0,8.953544627302936
8.0,3.0,0.495061330959638,2.0,7.53990781350132
6.0,1.0,0.6398164408325032,1.0,9.127696620955337
4.0,3.0,0.47429952899113215,1.0,4.851480785258757
5.0,3.0,0.41248439683116245,0.0,4.487065640288165
11.0,1.0,0.49238905348813466,0.0,10.0
5.0,4.0,0.8995147680329882,4.0,6.267091835052009
12.0,2.0,0.39603882829294035,0.0,9.568516731836446
2.0,1.0,0.6422625968137278,5.0,9.60847586732736
2.0,3.0,0.8339625162146508,5.0,6.013329926525243
4.0,2.0,0.6210876502288178,1.0,6.829480940200923
1.0,3.0,0.2260643806732413,2.0,4.088574940808667
11.0,3.0,0.12195968250743017,2.0,8.189065435559609
5.0,3.0,0.5908771296482246,2.0,6.180929832091836
2.0,2.0,0.7273952915756932,2.0,6.582694614142833
8.0,4.0,0.7687371501956882,2.0,6.6888301375530945
12.0,4.0,0.6938021974697687,4.0,9.265052193971343
12.0,2.0,0.0034542248571275413,2.0,9.704419586699807
2.0,1.0,0.7738402948469364,1.0,7.743496828959032
10.0,2.0,0.6046226894301795,2.0,9.636826962635265
5.0,4.0,0.9881813824315056,5.0,7.226031260878134
11.0,2.0,0.7645872803327481,5.0,10.0
8.0,4.0,0.43020716077069576,0.0,4.861339867767536
9.0,3.0,0.6761499591679198,3.0,8.694617556961328
11.0,2.0,0.6159357349166306,5.0,10.0
11.0,1.0,0.3373934781909429,1.0,10.0
2.0,3.0,0.5335291444353845,0.0,3.4705368928871247
9.0,3.0,0.20438097948210143,1.0,6.8037910902716785
2.0,1.0,0.08783017198281318,1.0,6.131213203565265
12.0,4.0,0.7330244434240826,5.0,10.0
8.0,1.0,0.384128694255763,1.0,9.373130881417636
3.0,2.0,0.7557133223324669,1.0,6.836291298954657
4.0,3.0,0.4883370172006406,1.0,5.147105620528268
11.0,3.0,0.8097893747467325,2.0,10.0
8.0,1.0,0.7396088216624698,5.0,10.0
3.0,2.0,0.7641309697217036,0.0,6.029270839553453
10.0,4.0,0.42933148793776177,2.0,7.164671264461638
9.0,2.0,0.9611792597466837,3.0,10.0
1.0,3.0,0.4052545814780434,0.0,3.03699597213798
4.0,2.0,0.7931437582537212,0.0,7.014753355653212
11.0,1.0,0.4895888054011286,5.0,10.0
5.0,3.0,0.23508566360046268,1.0,4.842855832705441
1.0,2.0,0.6289139367039495,1.0,5.064684314133169
8.0,2.0,0.46910942050639415,2.0,9.073380963291816
11.0,4.0,0.2640698623044667,0.0,5.764689201925128
7.0,4.0,0.3825316797007001,0.0,4.1601218701172025
12.0,2.0,0.1599373376626536,0.0,9.029604046814612
2.0,3.0,0.9870454147437351,3.0,6.126592565013129
9.0,3.0,0.6431837207798646,2.0,8.060720710386056
8.0,1.0,0.17354484707922901,1.0,8.961069820444202
12.0,1.0,0.764588336173779,5.0,10.0
7.0,3.0,0.6018784974804435,1.0,6.532430486683598
10.0,4.0,0.7225512055929785,0.0,6.301012165516925
2.0,4.0,0.5844863734132167,0.0,2.2444085404924836
1.0,2.0,0.06046721938640465,4.0,5.572447452164868
9.0,3.0,0.20323973186725675,3.0,8.017572701861825
1.0,2.0,0.7687443316464836,1.0,5.672672420655484
11.0,4.0,0.7543503321040899,1.0,7.73085051763674
1.0,3.0,0.7538753313151062,1.0,3.4354032895882245
9.0,4.0,0.015214717426955127,2.0,5.192262423448912
6.0,2.0,0.8051507913586101,4.0,9.776767599603536
8.0,4.0,0.4391281947824448,3.0,6.441680092153858
8.0,3.0,0.693661451343367,4.0,9.18040278875309
6.0,4.0,0.27207967827406543,0.0,3.0809540679926153
6.0,1.0,0.7695286368198831,3.0,10.0
7.0,4.0,0.9822817688105339,4.0,7.375649556690756
9.0,1.0,0.2535387506993193,1.0,10.0
9.0,4.0,0.7841976404168794,3.0,7.579158493194388
6.0,1.0,0.604950453028917,0.0,8.850624240663018
5.0,4.0,0.27309581692567486,5.0,5.511795445499395
1.0,3.0,0.2943570438306464,4.0,5.000414968947698
10.0,2.0,0.731637671822657,3.0,10.0
3.0,4.0,0.2843459785961525,3.0,3.233322931172501
6.0,2.0,0.047793567187452424,4.0,8.109120497453967
12.0,1.0,0.8739602998501997,2.0,10.0
10.0,1.0,0.5889492537080084,5.0,10.0
5.0,4.0,0.7584736329059119,1.0,4.394594178511118
6.0,2.0,0.6032237386136037,4.0,9.282906942801244
4.0,4.0,0.5164574356805434,4.0,4.557877376977746
8.0,1.0,0.7699823811868398,5.0,10.0
2.0,1.0,0.0321563294030387,0.0,5.126221547455473
12.0,4.0,0.311886487495064,2.0,7.776166664199824
12.0,1.0,0.627468725543668,3.0,10.0
4.0,3.0,0.9439746948171895,3.0,6.936859342064779
3.0,2.0,0.3936507231188714,4.0,7.383060123364212
7.0,3.0,0.9752909052630511,3.0,8.473340977254129
8.0,1.0,0.7552818620363843,1.0,10.0
8.0,2.0,0.4848964492473753,4.0,9.906682423427664
1.0,4.0,0.4291584059088014,2.0,2.712638312280519
9.0,3.0,0.12944251893613867,5.0,8.631502517913804
1.0,3.0,0.6151941406157369,3.0,4.736817313315157
5.0,4.0,0.05235366752392412,3.0,3.9376706937101975
9.0,2.0,0.4290743254184891,3.0,10.0
11.0,4.0,0.23770876272579422,5.0,8.498766757999665
8.0,3.0,0.9562860967060901,5.0,9.683379990873089
2.0,2.0,0.3632639555947075,3.0,6.22866548874894
9.0,2.0,0.4892537277794583,3.0,9.906197891114473
1.0,2.0,0.3754931015252002,0.0,4.668760836319365
3.0,4.0,0.13720980208901568,0.0,1.761013352226221
2.0,2.0,0.3525820459635559,4.0,6.290339425412865
12.0,3.0,0.7789988391841303,2.0,10.0
5.0,1.0,0.6211956758553016,2.0,9.77821758172019
7.0,2.0,0.4374150029248799,3.0,9.233909272713634
10.0,4.0,0.8205706697103133,1.0,6.810261241785051
12.0,3.0,0.0041487485380335976,1.0,7.927679053778537
12.0,4.0,0.8266008003132644,0.0,7.643996647417094
2.0,2.0,0.059535582618946314,4.0,6.113506507669685
5.0,4.0,0.8702719089110332,3.0,5.854832374975718
5.0,4.0,0.9475720468613335,1.0,4.791913791426787
10.0,4.0,0.8191694991392697,3.0,7.8636518491042935
5.0,2.0,0.019593770562901902,0.0,5.824727642078483
3.0,3.0,0.5262079644990163,4.0,5.715346104317004
10.0,4.0,0.8287962827514478,1.0,6.916957603190617
6.0,4.0,0.5450163620948184,1.0,4.251098418465299
9.0,4.0,0.35993670604571304,5.0,7.903537142727079
5.0,1.0,0.4706954267336343,4.0,9.973332246291719
6.0,3.0,0.08069391088423838,4.0,6.926438907679872
1.0,4.0,0.49631364484586815,3.0,2.7570692648149047
1.0,3.0,0.02784682790317361,3.0,3.1797897206958528
1.0,1.0,0.6441154478304989,1.0,6.65506060901993
3.0,3.0,0.3904522530806156,1.0,4.226155320133058
5.0,1.0,0.1913429805225073,5.0,9.945414853376034
1.0,1.0,0.01738290109730889,5.0,7.030048312208301
2.0,1.0,0.9221190142294241,4.0,9.487857287443951
11.0,4.0,0.5563190270838873,5.0,8.84436643268092
11.0,2.0,0.6469533856486369,4.0,10.0
4.0,2.0,0.7793577145198409,2.0,7.910828288382107
12.0,2.0,0.6265904221798123,4.0,10.0
2.0,4.0,0.41310403351308633,4.0,3.922958675176258
1.0,4.0,0.6275882030329716,0.0,1.8507949950861884
5.0,3.0,0.2525165797150243,5.0,6.759397666374822
4.0,4.0,0.5613516338537092,2.0,3.9886019714326117
1.0,1.0,0.2055873013018763,1.0,6.2774886432491375
11.0,4.0,0.9174228051387152,2.0,8.923722673468738
12.0,2.0,0.5095676788422517,1.0,10.0
4.0,2.0,0.23384028082633745,1.0,6.533442061980816
4.0,1.0,0.6396325258679113,3.0,9.071865474335558
9.0,4.0,0.09031960349105872,5.0,6.706613987044264
12.0,1.0,0.43401901861067527,2.0,10.0
4.0,4.0,0.8659646189430079,1.0,4.473386828717717
9.0,3.0,0.7678585029493391,4.0,8.979291974063605
1.0,4.0,0.7034395258722033,1.0,2.1289419969464665
7.0,1.0,0.470603342643955,3.0,10.0
12.0,3.0,0.44687911789598767,1.0,9.00072730450808
6.0,4.0,0.011309627572005487,1.0,3.590905124268887
8.0,2.0,0.6000379468331496,1.0,8.467527661614994
9.0,2.0,0.5770083312913742,2.0,9.707960021889987
8.0,1.0,0.005279020955689995,5.0,10.0
9.0,2.0,0.1370435391320406,4.0,9.646159634479387
11.0,3.0,0.012436155878229438,4.0,8.645435535949245
1.0,2.0,0.25317894595881807,0.0,3.961286543579192
11.0,3.0,0.0038531219802473426,0.0,6.767559466303288
11.0,1.0,0.417369258229189,2.0,10.0
11.0,3.0,0.47639312133293377,5.0,10.0
5.0,3.0,0.43708166065979637,0.0,4.806140495784844
7.0,1.0,0.1993892056342692,4.0,10.0
5.0,2.0,0.5235592298648908,4.0,8.662104912835371
11.0,1.0,0.8140946216505041,1.0,10.0
5.0,3.0,0.29121525056252384,0.0,4.407309896999223
4.0,3.0,0.31257543432329216,0.0,3.7707990868672097
9.0,3.0,0.5428258425311067,0.0,7.065886519425777
1.0,1.0,0.23375439247272511,5.0,8.059792847658441
5.0,1.0,0.3377863274974664,4.0,9.101259857244655
3.0,4.0,0.45243722418905197,4.0,3.9956793902845753
5.0,2.0,0.3863024022763746,0.0,6.11777396777269
6.0,2.0,0.818232303781668,5.0,9.80701039279527
1.0,2.0,0.8489935605851753,4.0,7.210964366978132
11.0,4.0,0.40287847491372375,4.0,8.360402562699512
5.0,1.0,0.4477865498672051,2.0,8.858880889354511
5.0,4.0,0.9568941262017452,1.0,5.0788405488187385
2.0,4.0,0.5030875119212769,4.0,3.830701340572178
12.0,1.0,0.9930320513696446,0.0,10.0
11.0,1.0,0.7628027726876375,1.0,10.0
6.0,1.0,0.26423222086492226,0.0,8.1138503539176
5.0,2.0,0.2290926653129043,0.0,5.9809577772717075
6.0,3.0,0.15906448801226314,3.0,5.958568479490972
12.0,3.0,0.806145726203189,1.0,9.565773639844952
3.0,2.0,0.306862042175731,5.0,7.602377522371353
9.0,2.0,0.6757925102174771,5.0,10.0
11.0,4.0,0.5401361495422107,1.0,7.175707851055766
10.0,4.0,0.8259973029066895,4.0,8.435638824130274
11.0,1.0,0.7508174336409373,0.0,10.0
12.0,4.0,0.06374892435976043,1.0,6.784414552371299
1.0,2.0,0.33842760940515537,3.0,5.459481341748669
3.0,4.0,0.5200987121404477,1.0,2.697388310776584
2.0,4.0,0.8036389122543269,0.0,2.4128323309203807
7.0,3.0,0.7140275378886224,0.0,5.986560691488051
5.0,3.0,0.5494039506683539,3.0,6.661209854958962
1.0,2.0,0.8083753405217361,1.0,5.971818657966218
7.0,1.0,0.4349284761097125,1.0,9.79632076959721
2.0,1.0,0.0556595739258674,1.0,5.784516722548866
5.0,2.0,0.8705357286151905,5.0,9.977112735344459
5.0,4.0,0.5265933518964808,5.0,6.078536967155517
11.0,2.0,0.8084030873639884,4.0,10.0
9.0,2.0,0.39208171795367286,0.0,8.184444291311666
8.0,3.0,0.5885522518794845,1.0,7.0439995848009795
10.0,2.0,0.33109300546288034,5.0,10.0
3.0,2.0,0.40957497444538715,3.0,6.557863596197057
4.0,3.0,0.1473982216830071,0.0,3.9637157475236933
10.0,4.0,0.7416035669103981,1.0,6.951080633324699
9.0,4.0,0.2802843059983655,4.0,6.626825911010942
1.0,4.0,0.30173114445066374,5.0,3.4378066963339156
3.0,3.0,0.35418896255781374,2.0,5.167867363132338
3.0,3.0,0.43212611639720133,0.0,3.8122410681840866
1.0,1.0,0.5761639120213643,0.0,6.424087941887803
8.0,1.0,0.6828066316954665,1.0,10.0
1.0,4.0,0.6756895086242027,4.0,3.716899861882935
11.0,3.0,0.42368091592829393,4.0,9.462335089008592
8.0,1.0,0.4818906675811585,1.0,9.618235836445228
10.0,2.0,0.14032051795585487,5.0,10.0
6.0,4.0,0.5215060826982759,5.0,6.5885333889720155
12.0,1.0,0.8770567021689888,5.0,10.0
4.0,2.0,0.4604498812614062,4.0,8.171087920856984
7.0,4.0,0.938013593099349,3.0,6.33997180589534
1.0,4.0,0.1557835399297649,5.0,3.0637298067855414
10.0,2.0,0.736909459137326,4.0,10.0
7.0,4.0,0.7079889103795148,4.0,7.672103544729727
3.0,3.0,0.6815289535756225,2.0,5.607858230657305
10.0,2.0,0.6628571993602883,1.0,9.68099747833558
12.0,4.0,0.022308273576866933,3.0,7.553110835956803
1.0,4.0,0.7421222520521049,2.0,3.2601572690848912
11.0,2.0,0.49968427479289945,2.0,10.0
9.0,1.0,0.5241861896999901,4.0,10.0
5.0,4.0,0.05087264021119742,3.0,4.036160200324364
8.0,1.0,0.18838112831262277,1.0,9.127747704948488
10.0,4.0,0.9110069075631597,1.0,7.521561419309805
6.0,2.0,0.3155283367748759,3.0,8.43884827137833
8.0,3.0,0.39388022061542804,1.0,6.20615496609193
1.0,3.0,0.1892035191945809,1.0,2.7593652342291755
12.0,1.0,0.6321907821422827,1.0,10.0
12.0,1.0,0.7407008758068273,3.0,10.0
3.0,3.0,0.9212618414437288,2.0,5.471139815551698
6.0,3.0,0.5620636137917386,2.0,6.228084912417649
3.0,1.0,0.27563068081564435,0.0,6.8883171458445736
5.0,4.0,0.07096331485159801,0.0,2.5922483890972403
4.0,1.0,0.26610943802920406,4.0,9.014247027428386
11.0,4.0,0.6183645422995027,5.0,9.366234622694506
9.0,1.0,0.9741035686177396,1.0,10.0
11.0,1.0,0.07919781776901591,5.0,10.0
10.0,3.0,0.3883664380867584,3.0,8.657838495073355
9.0,3.0,0.6672357094143156,1.0,7.716851460676397
2.0,3.0,0.5745709442049748,3.0,5.4735945570086875
10.0,1.0,0.6516926031972128,0.0,10.0
10.0,2.0,0.46320847169017954,2.0,9.839087449808154
2.0,2.0,0.26703670543798363,4.0,6.651342340436427
2.0,2.0,0.48275226421273854,5.0,8.014880788359095
10.0,4.0,0.381536129936878,1.0,6.285357203152326
5.0,2.0,0.7092975314285507,5.0,9.337760895453496
4.0,4.0,0.1716248223687883,3.0,4.426149200134665
5.0,2.0,0.49614793297174553,1.0,7.391236358618864
11.0,1.0,0.9590625590475216,4.0,10.0
5.0,1.0,0.5317939577064893,5.0,10.0
5.0,1.0,0.2372094747850949,1.0,7.794470614341999
5.0,2.0,0.9358502958006945,0.0,6.821454255591347
1.0,2.0,0.24415738685431565,1.0,4.777789840064906
1.0,3.0,0.7511801379936851,4.0,5.5254594210988515
5.0,2.0,0.10953126007294567,0.0,5.178796157036434
1.0,3.0,0.8520896098053334,1.0,4.5647335002343
10.0,1.0,0.18057458760524503,1.0,10.0
6.0,4.0,0.3941794681349262,0.0,3.7241348040588136
7.0,1.0,0.9656203346050848,3.0,10.0
5.0,1.0,0.5793947277060832,4.0,10.0
10.0,2.0,0.2639959359251166,0.0,8.678522879583284
6.0,3.0,0.0006271689619691267,5.0,6.9868580720071405
1.0,1.0,0.006789223380095022,5.0,7.3881070665945945
6.0,1.0,0.2745876800209138,5.0,10.0
3.0,4.0,0.5268547930113837,4.0,4.192699265233153
8.0,4.0,0.48489126864605836,2.0,5.753351439633104
7.0,4.0,0.9218816312860137,1.0,6.056240283925046
6.0,1.0,0.7640941148411731,5.0,10.0
5.0,3.0,0.9247356359341056,3.0,7.023009196902368
8.0,3.0,0.5117781883199135,2.0,7.863011970568627
9.0,2.0,0.44666641214510117,2.0,9.574890341772468
11.0,1.0,0.5660882971203757,1.0,10.0
12.0,4.0,0.37214608771007374,2.0,7.798839630131418
1.0,4.0,0.2108114913371656,4.0,2.713976963758273
8.0,1.0,0.836660558467781,3.0,10.0
2.0,3.0,0.6805315835611827,2.0,4.837340722543515
6.0,4.0,0.3256580922252261,0.0,3.905181090397069
9.0,3.0,0.4462812389004309,2.0,8.020319687476826
7.0,1.0,0.22544783477113517,1.0,8.672542629879779
10.0,3.0,0.5628390566601101,2.0,8.862540781647882
11.0,4.0,0.3583581431827797,0.0,5.71316447138501
12.0,2.0,0.8755753174682218,5.0,10.0
9.0,1.0,0.5283629404564635,1.0,10.0
9.0,2.0,0.41173063770312934,0.0,8.066330242065042
10.0,4.0,0.7496197638732532,3.0,8.577215411158376
3.0,3.0,0.9051012904697651,2.0,5.369000337013112
4.0,1.0,0.8174190976257856,5.0,10.0
5.0,3.0,0.4949170951961588,2.0,6.14295472178778
9.0,4.0,0.35644333703023146,3.0,6.571885846088827
5.0,1.0,0.6621293431408594,5.0,10.0
2.0,3.0,0.8168680434911437,5.0,7.06260097678787
10.0,1.0,0.9786395773365032,4.0,10.0
9.0,1.0,0.4572512359587363,3.0,10.0
8.0,2.0,0.6682401436872429,4.0,10.0
11.0,4.0,0.29310325320969066,1.0,6.745388309355122
10.0,3.0,0.08746329645331308,5.0,9.365423522754739
11.0,1.0,0.25305772781531444,5.0,10.0
4.0,1.0,0.01449013419479217,2.0,7.637162968406806
2.0,3.0,0.5094275988867245,0.0,3.6273299298873334
5.0,2.0,0.37315611261192305,4.0,8.218644259022307
10.0,2.0,0.6782748098624484,0.0,9.174978337805973
12.0,2.0,0.6153140343174086,0.0,10.0
2.0,4.0,0.16786643444441685,5.0,3.9232715073629265
11.0,3.0,0.6738215944817876,3.0,9.223349274230399
6.0,4.0,0.1874002246540919,3.0,4.627049793402123
10.0,1.0,0.0059531442491664865,5.0,10.0
9.0,2.0,0.970192662959465,5.0,10.0
1.0,3.0,0.02698504704691862,5.0,4.9151535700127855
6.0,4.0,0.34174907670648524,0.0,4.6441959245372315
2.0,3.0,0.6375112409506102,1.0,3.5373761885538655
5.0,4.0,0.3703745371585304,4.0,5.332070982206911
10.0,4.0,0.3812091547414139,0.0,5.7832941455628415
9.0,3.0,0.7227275404552952,1.0,7.891308144308795
9.0,2.0,0.6021539344625301,3.0,10.0
8.0,2.0,0.5183774462765149,2.0,9.081691514726876
1.0,3.0,0.886316733883774,1.0,4.164203275075912
7.0,2.0,0.10811364603720841,5.0,9.225000091232301
6.0,1.0,0.46976754211400695,2.0,9.606505083647935
7.0,1.0,0.23906674252183824,2.0,9.616574864398055
3.0,4.0,0.03680784816741056,3.0,3.130205388620727
9.0,2.0,0.9790337021822939,4.0,10.0
8.0,4.0,0.7340268272591296,2.0,7.31379651948578
5.0,1.0,0.2161855159913577,5.0,10.0
1.0,4.0,0.4024342551548834,1.0,2.033607478510608
1.0,4.0,0.22602424375397934,5.0,3.2997077516496423
5.0,2.0,0.6848552859838013,5.0,9.426582680216463
7.0,3.0,0.35044707143898335,0.0,5.755376565918129
12.0,4.0,0.919862581866064,4.0,9.266140227207668
9.0,3.0,0.20755521915096586,0.0,6.200112210198059
6.0,4.0,0.3498261843253402,2.0,4.479109362776047
4.0,1.0,0.931814486043558,5.0,10.0
3.0,1.0,0.8846807541020799,1.0,7.948409767655833
2.0,1.0,0.293170145983055,3.0,7.599497102856393
1.0,2.0,0.4830686776871693,4.0,6.885344939543861
11.0,4.0,0.8837049834530778,2.0,8.306556576826372
1.0,4.0,0.6706345606745977,0.0,1.4868879846476206
11.0,3.0,0.6372796813332863,0.0,7.965288191706893
8.0,2.0,0.6605585700933898,3.0,9.70800179542393
8.0,4.0,0.9209811342229505,0.0,5.417280314077311
12.0,3.0,0.5171738407100935,0.0,8.625684806608444
10.0,3.0,0.18177986056178697,5.0,9.769489382053607
2.0,1.0,0.4727237538783359,3.0,7.77267624393691
12.0,1.0,0.7288883018084368,2.0,10.0
3.0,3.0,0.4921343140377996,0.0,3.8555804217742375
7.0,3.0,0.31326272435959013,4.0,7.437637093336133
8.0,2.0,0.6663299119538214,3.0,9.889532644284385
3.0,3.0,0.4502297528395458,1.0,4.201467856545627
8.0,3.0,0.9628202613223725,4.0,9.183120386897752
8.0,1.0,0.35214055091794594,1.0,9.218493687257066
12.0,4.0,0.7174869236288115,3.0,8.954350315579218
11.0,3.0,0.5550719899198886,3.0,9.930246798325587
5.0,1.0,0.07756477339942391,1.0,7.867322183361549
9.0,1.0,0.4697579174852792,5.0,10.0
10.0,4.0,0.029163742165443485,4.0,6.855972847912015
1.0,2.0,0.7898317031064264,1.0,5.834906222424859
9.0,1.0,0.7345300852272553,0.0,10.0
12.0,1.0,0.050511837939907545,1.0,10.0
2.0,1.0,0.4996947135958536,2.0,7.992645610888838
10.0,3.0,0.9615394625572534,3.0,10.0
1.0,2.0,0.2846387802269219,2.0,5.567821045536966
5.0,3.0,0.9043032973273998,0.0,5.628986995232004
10.0,1.0,0.1510926597672163,4.0,10.0
12.0,1.0,0.0066024537794789895,2.0,10.0
9.0,2.0,0.5305213852260082,2.0,9.571479724988645
9.0,4.0,0.2392433079633277,3.0,6.559388762058083
4.0,3.0,0.8792242020546888,5.0,7.766258922899096
10.0,4.0,0.6739220044652154,0.0,6.205602324738656
8.0,1.0,0.6868903538084066,5.0,10.0
12.0,2.0,0.6732804027885735,3.0,10.0
8.0,2.0,0.6789576706353934,3.0,9.810129262165736
1.0,1.0,0.7471148564574474,0.0,6.148688811364234
7.0,2.0,0.6698876533156504,4.0,9.270589492839369
10.0,2.0,0.8342752755727286,4.0,10.0
10.0,2.0,0.5581221370247121,3.0,10.0
5.0,1.0,0.35068822386176957,4.0,9.450705451164719
3.0,2.0,0.4668471716841809,5.0,7.80670276807018
11.0,4.0,0.4402350320320447,5.0,8.83664031219693
10.0,1.0,0.33250630482795207,1.0,10.0
11.0,4.0,0.4154681225021828,4.0,8.988296577452816
9.0,3.0,0.38498675177937036,0.0,6.391642593479351
10.0,1.0,0.1111402807196522,3.0,10.0
5.0,2.0,0.8305523010594501,0.0,7.112334199211058
10.0,3.0,0.7564657312317878,1.0,8.315673545061397
6.0,2.0,0.3375387321311737,4.0,8.851350267379729
10.0,2.0,0.9451320390628379,2.0,10.0
2.0,3.0,0.949362540663467,5.0,6.656635675395104
4.0,1.0,0.8567197245192181,0.0,8.750382419713018
3.0,4.0,0.029372838860451722,5.0,3.4004076638404226
5.0,2.0,0.37121799417199164,4.0,8.168973840696264
10.0,2.0,0.45733656677190404,2.0,9.971694619692045
2.0,1.0,0.7187162824723679,0.0,7.359839324898012
9.0,4.0,0.6348123344361918,0.0,5.650095399518738
10.0,1.0,0.678378613589376,2.0,10.0
9.0,4.0,0.7672134138015799,3.0,7.762162546007634
8.0,2.0,0.9484354290691109,3.0,9.68668301491188
2.0,1.0,0.551508367250052,1.0,6.666911915809835
8.0,2.0,0.9040424644901206,3.0,10.0
3.0,3.0,0.8148188850736438,3.0,5.7864778929402085
3.0,2.0,0.3379242483124728,2.0,6.340198470017459
11.0,4.0,0.813670467189436,1.0,7.491221999399431
8.0,3.0,0.11734527197305455,2.0,6.375882622782502
12.0,4.0,0.15875962390917175,4.0,8.028142435634988
6.0,2.0,0.9923784854930484,3.0,9.740331052510005
5.0,1.0,0.4286886012262021,0.0,7.250491139280063
12.0,2.0,0.4606180240028186,5.0,10.0
8.0,3.0,0.9510308676301225,1.0,8.224422797102608
11.0,2.0,0.3618397861633922,4.0,10.0
1.0,4.0,0.2369665973972025,0.0,0.5526004019422209
7.0,4.0,0.07782173743734844,1.0,4.322402737604416
10.0,1.0,0.5226198022042828,3.0,10.0
10.0,1.0,0.19968914303967145,5.0,10.0
9.0,2.0,0.0648060347177174,3.0,9.702354137819253
2.0,3.0,0.813069459451703,0.0,3.8608149301267707
7.0,1.0,0.3285969163415975,5.0,10.0
2.0,1.0,0.5793901820284002,1.0,7.244295609999072
10.0,2.0,0.10464563978109753,2.0,9.188937048677095
8.0,2.0,0.5055826330507975,0.0,8.45702177687461
3.0,4.0,0.6318401125291808,4.0,4.649524142533652
9.0,3.0,0.44986361094419447,2.0,7.788740326877883
9.0,4.0,0.3374818164162481,1.0,5.775532102491344
1.0,4.0,0.3109550343993315,3.0,2.6817654451650776
2.0,2.0,0.10938375290446278,1.0,4.787778820280124
3.0,4.0,0.11569120972852465,3.0,3.3129678685973722
1.0,4.0,0.4956961629001121,3.0,3.040777214268881
7.0,2.0,0.13882925388476586,4.0,8.652713618082986
11.0,4.0,0.22345084197021048,4.0,8.196704962971092
1.0,2.0,0.1648176724249606,3.0,5.221666124013055
8.0,1.0,0.8024843613341839,0.0,10.0
6.0,4.0,0.449717067671902,1.0,4.81576276182737
11.0,4.0,0.552589531399274,3.0,7.901916802597467
6.0,1.0,0.5829581480673051,3.0,10.0
9.0,4.0,0.39638487281676504,3.0,6.578985874080854
12.0,3.0,0.2984310506433274,4.0,9.88524564769112
2.0,3.0,0.38244550993775617,5.0,5.926888269323656
4.0,4.0,0.5348231974198256,3.0,4.702115116158073
4.0,1.0,0.3585772605732699,0.0,7.238699088799544
3.0,2.0,0.1366159243797309,2.0,6.018707175152618
8.0,2.0,0.9136869421436272,1.0,9.403162897038243
1.0,3.0,0.7324062418938101,3.0,5.5845350830376645
5.0,1.0,0.06626986046523897,3.0,8.61657209556856
2.0,1.0,0.9056999501394369,3.0,8.555051813803004
8.0,3.0,0.1704651900184393,3.0,7.175417590978367
10.0,1.0,0.09773018349210427,1.0,10.0
6.0,2.0,0.17321689773558313,1.0,6.992219301467795
6.0,4.0,0.9330339056594967,5.0,7.428010620894325
6.0,4.0,0.22129427740351915,2.0,4.1877374831857805
3.0,1.0,0.7869919257020046,1.0,8.406578287387223
5.0,4.0,0.6430382252087388,5.0,6.86717364742396
12.0,2.0,0.5182230783659546,0.0,10.0
1.0,1.0,0.3655936371634172,2.0,7.274368757270072
10.0,3.0,0.09293410589470852,4.0,8.945745010722021
2.0,2.0,0.710654777801551,2.0,7.086915707997102
2.0,2.0,0.39478147482075676,5.0,7.431356176812077
4.0,2.0,0.5349861401692815,2.0,7.1109532030704266
4.0,1.0,0.051761815961741675,3.0,8.356244001817373
4.0,2.0,0.775937829848425,2.0,7.421800159895068
11.0,1.0,0.6922715128927612,2.0,10.0
11.0,4.0,0.5293003699133031,2.0,7.957815673812578
9.0,2.0,0.49630742790747906,5.0,10.0
2.0,3.0,0.3370307615794077,4.0,5.164774225737308
12.0,2.0,0.34240389540079397,2.0,10.0
11.0,4.0,0.06846591864615492,2.0,6.864234871682846
1.0,4.0,0.6867135937559309,2.0,3.090761170448824
5.0,3.0,0.044972947623963866,4.0,6.314965210186487
10.0,2.0,0.0014187793368453105,3.0,9.604668990299576
2.0,2.0,0.030981185725411087,3.0,5.3145989796194595
1.0,4.0,0.20344747176706768,2.0,1.7073490843923127
8.0,4.0,0.5701957148097216,2.0,6.2787414590514965
5.0,2.0,0.6811592009315631,3.0,8.611756227715846
6.0,2.0,0.4207383826161126,4.0,9.052057632436679
10.0,2.0,0.4086386990552422,5.0,10.0
7.0,4.0,0.5767858883648012,0.0,4.608221566034814
9.0,4.0,0.5968275679658468,1.0,5.841371536615816
2.0,4.0,0.8449975836631244,4.0,4.2725665634448005
1.0,4.0,0.8190881651328065,0.0,2.1626201203635427
4.0,2.0,0.8235262045752879,3.0,8.554499318561259
3.0,2.0,0.8441727977402321,2.0,7.218286795691908
4.0,4.0,0.8798304870215985,1.0,4.832101602705304
10.0,2.0,0.5553167879399726,3.0,10.0
2.0,1.0,0.5951671639290778,3.0,8.199699490302226
2.0,4.0,0.7272259972085389,4.0,4.157149927111333
3.0,2.0,0.19900755561789074,4.0,6.793841916234655
4.0,1.0,0.36046103007031494,5.0,9.363940590054806
3.0,4.0,0.9126529806192737,2.0,3.861704775953317
3.0,2.0,0.5227624306198083,4.0,7.1936454760731445
7.0,2.0,0.05178761792172304,4.0,8.62915776283326
2.0,3.0,0.40555978458723485,5.0,5.590107685103786
2.0,2.0,0.16078920323744827,3.0,5.671616561266255
11.0,4.0,0.3562868618704754,1.0,6.835534894658349
1.0,3.0,0.5449759602950425,2.0,3.6253124088336435
1.0,3.0,0.5051364017567757,1.0,3.5345836211392827
1.0,1.0,0.49046903017469945,1.0,6.7353606911431125
7.0,2.0,0.018338947447570142,1.0,7.317045742219011
9.0,2.0,0.4451048783314987,2.0,9.545179871589
9.0,4.0,0.0289637672930817,4.0,6.542272853528388
9.0,4.0,0.4048607757558965,1.0,5.622599882568679
1.0,1.0,0.6469999109014543,1.0,6.769292195830772
5.0,3.0,0.1259044582066886,0.0,4.747847884790373
8.0,4.0,0.916772740724213,1.0,6.415465342212503
9.0,3.0,0.6305114899593964,2.0,8.228958418821513
5.0,1.0,0.21759863559089143,2.0,8.604305101520962
11.0,1.0,0.3940876677803459,2.0,10.0
11.0,3.0,0.09690726330997268,1.0,7.761552411823636
10.0,3.0,0.02206328766552912,2.0,7.470111428911639
10.0,3.0,0.9158614802431244,3.0,9.707241634263838
12.0,2.0,0.6751840507234141,0.0,10.0
10.0,2.0,0.7796461014809238,5.0,10.0
8.0,2.0,0.6221728478399099,1.0,8.887926216704297
5.0,3.0,0.9067655276084274,0.0,5.670505159266474
5.0,2.0,0.895918820985667,1.0,7.220273902822113
10.0,4.0,0.05815855250916613,3.0,6.323934278282608
4.0,1.0,0.18946998357820488,3.0,8.368126140367048
8.0,2.0,0.3957898942118945,0.0,7.822023557174906
7.0,1.0,0.34108955461512447,2.0,9.904180445884283
5.0,1.0,0.5255725316232236,1.0,8.793550533609931
6.0,2.0,0.26653180171948354,5.0,8.5690491144708
1.0,1.0,0.7974591179566535,1.0,7.208169311818724
9.0,2.0,0.0074938481381248145,5.0,10.0
1.0,3.0,0.7915130824798414,3.0,5.148702951239302
1.0,2.0,0.3933702765813071,5.0,6.9374729987246315
4.0,3.0,0.0051350087497756824,3.0,4.430513775557632
7.0,2.0,0.8470642689407657,0.0,7.897064041056791
4.0,2.0,0.44675449713278914,3.0,7.803323094980213
11.0,4.0,0.7247266429690294,2.0,7.865540789295628
12.0,1.0,0.8784487245006501,4.0,10.0
5.0,3.0,0.034312743123076084,2.0,4.685098762771651
12.0,3.0,0.2621620516958454,1.0,8.993455775731444
2.0,2.0,0.11889159027661145,0.0,4.054571496657829
2.0,2.0,0.0980101603956004,4.0,6.454751115675708
5.0,3.0,0.9456410918009119,1.0,6.302667458954282
12.0,1.0,0.80556937926559,4.0,10.0
7.0,2.0,0.36472516000469757,0.0,7.40811331223487
9.0,2.0,0.687293042803752,0.0,8.690580107175544
8.0,1.0,0.9194452737849663,4.0,10.0
6.0,3.0,0.2208134938737898,2.0,5.861864863731124
12.0,3.0,0.01415073757483587,3.0,9.081716455263777
12.0,4.0,0.8241083412069418,0.0,6.854665263911249
6.0,3.0,0.7226983291280551,1.0,6.344196075929028
9.0,3.0,0.1602572754219892,0.0,6.699577147349472
8.0,3.0,0.48964584548510237,1.0,7.187694847105815
8.0,1.0,0.16043388504493505,1.0,9.586831454392987
2.0,2.0,0.6026138618291498,2.0,6.221223027016726
3.0,4.0,0.6475699453218741,1.0,3.7980222415110694
12.0,1.0,0.27668270751400437,2.0,10.0
3.0,2.0,0.7808371269171284,5.0,8.363644229171744
8.0,1.0,0.4735963489241425,0.0,9.703734960380569
11.0,4.0,0.7063579112955095,5.0,9.689495330437541
8.0,2.0,0.6398111814232847,2.0,9.468499730276806
3.0,2.0,0.45075893211061435,3.0,6.780637697982227
11.0,4.0,0.2927172620775951,4.0,8.16987617577616
1.0,4.0,0.20430440385557724,4.0,3.326606266011073
9.0,1.0,0.745944032427188,5.0,10.0
4.0,4.0,0.6419434770911144,5.0,5.340558193174572
8.0,3.0,0.2809419283531881,0.0,5.873254742965522
6.0,4.0,0.967099172803488,2.0,5.731618743529209
7.0,1.0,0.8103389307173291,3.0,10.0
5.0,1.0,0.12680226091725455,3.0,8.120219231160993
7.0,2.0,0.1625634133619498,5.0,9.892300085059237
12.0,4.0,0.5440478108732032,3.0,8.325209337843546
10.0,2.0,0.10237955048288139,2.0,8.96357460810286
6.0,3.0,0.9643380052000837,5.0,8.346163473882022
12.0,1.0,0.638023405115427,4.0,10.0
11.0,2.0,0.06617403673047473,4.0,10.0
8.0,4.0,0.44348573036248906,3.0,6.281697379200109
8.0,2.0,0.22196847868461833,0.0,7.354536551635072
1.0,4.0,0.49045073600350675,5.0,4.1572427896871
7.0,3.0,0.2470254997517497,4.0,7.350044546300973
3.0,1.0,0.831796154307461,0.0,7.066921989809648
2.0,4.0,0.7210992096417336,1.0,2.5547376369894588
11.0,4.0,0.9065781517809924,2.0,7.910114860541281
4.0,4.0,0.19795761473971718,1.0,2.9785105819026105
8.0,2.0,0.3853922373495161,3.0,9.549790186858976
11.0,2.0,0.8054665470172859,3.0,10.0
8.0,2.0,0.37384660065544706,1.0,7.757224876130519
10.0,3.0,0.37908838312146564,4.0,9.444257793918707
10.0,2.0,0.9860384433898894,1.0,10.0
6.0,1.0,0.7708631869101126,0.0,9.918763797164887
12.0,1.0,0.8608175117308633,5.0,10.0
11.0,2.0,0.40697283611196233,1.0,10.0
5.0,4.0,0.5859185229699635,1.0,4.412568992013919
10.0,4.0,0.45055357055172884,4.0,8.015673600046016
3.0,4.0,0.45029357990957064,4.0,4.279812268607965
2.0,3.0,0.12769913568677127,0.0,2.5756020281259913
7.0,4.0,0.8421328514023074,0.0,4.944234176717321
8.0,4.0,0.39054243367208974,5.0,7.46635756476278
8.0,4.0,0.5818243939645826,3.0,7.1317696276797555
10.0,3.0,0.8570718461246233,2.0,9.10710134003233
5.0,1.0,0.7734772530167997,2.0,9.330249863038713
10.0,2.0,0.1982379770395527,3.0,9.451424932536362
11.0,4.0,0.618511365606847,4.0,8.810430231731749
2.0,3.0,0.49573108927154796,0.0,3.860242422848052
6.0,1.0,0.2601521515954949,1.0,8.904102500006937
3.0,1.0,0.04085790351009644,5.0,8.99524742909726
8.0,3.0,0.6297913080226606,1.0,7.384204599943851
5.0,4.0,0.7798549148714806,5.0,6.586766420941933
4.0,3.0,0.9417184117032203,2.0,6.768112502010866
4.0,4.0,0.35498375874945964,1.0,2.8769491388531394
5.0,1.0,0.39921715153549553,3.0,9.166180825110384
2.0,4.0,0.16300563042489447,3.0,3.3392656849599733
2.0,1.0,0.9846160233328939,2.0,8.146850389738342
8.0,4.0,0.8495869963066425,4.0,7.688836552773952
12.0,4.0,0.9576037289729427,0.0,8.104606639658202
7.0,3.0,0.4953471381254463,0.0,6.015503842848339
12.0,3.0,0.20978138418742553,3.0,9.764388020360768
2.0,2.0,0.5731845537302535,3.0,7.104072558113075
12.0,3.0,0.37209191580887624,4.0,10.0
8.0,4.0,0.3478644308104034,5.0,7.612747679348034
9.0,2.0,0.08236428402309692,5.0,9.886125928707047
1.0,2.0,0.07314921470201208,3.0,5.099036658988236
8.0,4.0,0.37879855298551024,3.0,6.979154459949129
5.0,4.0,0.9261985439813103,5.0,7.435276214314039
11.0,3.0,0.7230237104792231,5.0,10.0
10.0,1.0,0.7605585801759555,0.0,10.0
11.0,4.0,0.2342906764552779,3.0,7.509403740867574
11.0,4.0,0.73452961108271,5.0,9.594016933590641
9.0,2.0,0.40631912639094736,0.0,8.694851051294645
3.0,3.0,0.059390610473203265,5.0,6.170528945827739
4.0,2.0,0.3948135675183053,4.0,7.8008519877151326
11.0,4.0,0.13125378743236893,0.0,6.099103313853859
8.0,3.0,0.8536994629314485,3.0,8.901857750794752
11.0,2.0,0.8402940644749076,2.0,10.0
10.0,4.0,0.28746892829992543,2.0,6.065490404290435
8.0,3.0,0.6119223027755851,3.0,8.529386691562884
2.0,2.0,0.3637597183572606,4.0,6.909077550380126
12.0,4.0,0.15422617434361496,5.0,8.925329117721233
3.0,2.0,0.6494073114086196,2.0,6.5044348513128565
3.0,2.0,0.7601066433109224,0.0,6.607954468603638
2.0,2.0,0.7747227410657531,5.0,8.095187046866165
1.0,1.0,0.14922058589316578,2.0,5.956028499141468
5.0,2.0,0.5125785184951382,4.0,8.134460923048955
11.0,1.0,0.023899357199450355,4.0,10.0
11.0,3.0,0.09016949762849769,0.0,7.3925139171790795
6.0,3.0,0.0810511530853878,2.0,5.523199259176781
4.0,4.0,0.05719079355050116,0.0,2.253169135500091
5.0,3.0,0.3337693490578346,3.0,6.367820600876971
12.0,1.0,0.35767960085317085,4.0,10.0
1.0,3.0,0.6978703420702284,3.0,4.685338347857145
1.0,1.0,0.32987972136375243,1.0,6.448166227477693
1.0,1.0,0.14039580417774822,5.0,8.032081001502855
11.0,3.0,0.9468756309901694,0.0,9.064055273995146
2.0,1.0,0.875476403985699,0.0,7.000833244938006
12.0,2.0,0.12422575540377634,2.0,9.849141762756263
3.0,4.0,0.3627786999691487,5.0,4.74851457306003
7.0,2.0,0.1680846509849716,5.0,9.61504063995428
12.0,3.0,0.9591114274329677,3.0,10.0
2.0,2.0,0.35597759210456126,5.0,7.387269734439105
4.0,1.0,0.09811742691793435,5.0,9.061098600401833
9.0,1.0,0.7268439883298804,3.0,10.0
10.0,1.0,0.7117175161853958,0.0,10.0
11.0,1.0,0.24103445572369164,5.0,10.0
1.0,1.0,0.3214618509201238,3.0,7.475112289799852
10.0,4.0,0.41501889749172627,0.0,5.686123476087115
4.0,4.0,0.26770000177164766,5.0,4.916405220555998
7.0,2.0,0.2888877081762501,2.0,8.69427274643433
11.0,3.0,0.8015903920186569,4.0,10.0
11.0,1.0,0.7518506052266137,1.0,10.0
3.0,3.0,0.6926292119704864,0.0,4.825883993625082
6.0,1.0,0.6867735568448488,2.0,9.536982589719024
4.0,3.0,0.5218819306638737,2.0,5.413546246584869
8.0,2.0,0.350921277961059,5.0,10.0
10.0,4.0,0.7205449454774036,0.0,6.417812404130414
4.0,4.0,0.11636773753496898,5.0,4.918662376229226
2.0,2.0,0.14107050520669207,0.0,4.314083005899161
1.0,1.0,0.12626520794575957,5.0,7.9369486222071295
1.0,2.0,0.7327180517503236,4.0,6.844883844732572
5.0,2.0,0.5915408843637119,2.0,7.795348555909498
12.0,2.0,0.45016037936884756,5.0,10.0
4.0,3.0,0.47623134142880175,2.0,5.035963660526874
5.0,4.0,0.8275593271711471,3.0,5.800021716949614
9.0,1.0,0.1216797789663413,0.0,9.272176168478568
8.0,3.0,0.38324428034558056,0.0,6.052315686332259
4.0,1.0,0.7601662055006726,2.0,8.892879772472519
2.0,3.0,0.6578393705710703,1.0,4.19558251770987
2.0,3.0,0.4351467214778807,1.0,3.7968179006283123
3.0,4.0,0.22434120963101267,2.0,3.476369855451647
2.0,3.0,0.9464412133049587,3.0,6.519958758304635
6.0,1.0,0.4079193628565091,0.0,7.498027120709585
8.0,4.0,0.8778350039035832,4.0,7.902122326854329
9.0,2.0,0.7778304800332757,5.0,10.0
11.0,2.0,0.8615300330102996,5.0,10.0
4.0,3.0,0.016921994238677573,1.0,4.3122710139118965
8.0,2.0,0.47739142797999323,5.0,10.0
11.0,4.0,0.25943382681763894,0.0,5.6073150565800525
1.0,1.0,0.27402135522523396,0.0,5.588171276317966
10.0,1.0,0.2698403223244006,4.0,10.0
2.0,4.0,0.38931367184596566,4.0,3.4072977533924624
7.0,2.0,0.41070461615316833,0.0,7.286839529969873
10.0,4.0,0.6340402481482471,2.0,7.133561313468266
6.0,4.0,0.3003645523480759,2.0,4.916296926720053
7.0,4.0,0.2727771461258405,4.0,6.402928076410568
8.0,3.0,0.36060820265249927,3.0,7.769914612748064
7.0,3.0,0.6865144929354994,3.0,7.882691774944053
9.0,3.0,0.0001711756244947571,0.0,5.484597997592598
11.0,3.0,0.7469279572267308,5.0,10.0
2.0,2.0,0.3389687519924398,3.0,6.071987609377811
5.0,4.0,0.5762397732508459,4.0,5.609782028964786
11.0,1.0,0.7615222922385597,2.0,10.0
5.0,2.0,0.5108351676332793,1.0,7.080950237911245
6.0,2.0,0.647151248530974,4.0,9.595455082185397
9.0,4.0,0.9199407301330876,1.0,7.020904501055818
12.0,2.0,0.029866272394770244,1.0,9.62086866304026
4.0,1.0,0.34952883617399033,3.0,8.79219049088905
12.0,4.0,0.9268541592993467,2.0,8.51687649462577
9.0,2.0,0.8374298297042314,5.0,10.0
1.0,3.0,0.6168279813515756,3.0,5.058870077682255
11.0,4.0,0.22930295139803325,2.0,6.6890138870784694
5.0,4.0,0.33053303792794875,0.0,2.946483252246461
4.0,2.0,0.8579563762666257,2.0,7.4520254663195304
7.0,1.0,0.698271457281969,0.0,9.442557093635754
7.0,4.0,0.2856502296610026,1.0,4.9920591151533245
7.0,2.0,0.13224550180524286,1.0,7.428639001923905
1.0,4.0,0.7807703341042288,3.0,2.9084518942505424
10.0,4.0,0.5762246797205511,0.0,6.347036859483368
5.0,2.0,0.963438189908024,0.0,7.294249363440048
2.0,1.0,0.4064911771303944,0.0,6.465797060003602
7.0,2.0,0.349026963756198,5.0,9.653203874911892
8.0,1.0,0.2907561429598794,5.0,10.0
2.0,2.0,0.4818801371926721,1.0,5.442318796892657
12.0,2.0,0.32272964247161806,2.0,10.0
8.0,3.0,0.07319059978704145,1.0,6.238695684040702
12.0,1.0,0.3121290578928153,3.0,10.0
9.0,4.0,0.2188859333030625,3.0,6.1003409102647215
1.0,1.0,0.8153849962785588,1.0,7.3503945468001595
3.0,4.0,0.23559253312526796,3.0,3.803836916660465
12.0,2.0,0.45887157101893683,0.0,10.0
7.0,2.0,0.6727382423624793,3.0,9.150844634323084
2.0,4.0,0.14922687273244606,4.0,3.076432764959949
1.0,3.0,0.531282484435957,0.0,2.8578181989185913
7.0,1.0,0.8471869516385989,4.0,10.0
8.0,3.0,0.5840807517660912,4.0,8.420646846089728
3.0,3.0,0.4823864389691985,5.0,6.729985030827226
3.0,4.0,0.8388788947055122,4.0,5.368828736648265
8.0,3.0,0.9472519273788725,0.0,7.76582194921787
6.0,4.0,0.8209853994034504,0.0,4.960916722503326
1.0,3.0,0.40840944860075457,0.0,2.979615571885884
1.0,1.0,0.6116930886692934,3.0,7.282781822328552
3.0,3.0,0.5266416950300847,4.0,6.236321902817242
7.0,4.0,0.30330862268411773,3.0,5.641259262977943
4.0,1.0,0.4353201289591915,1.0,7.7586641362863045
1.0,2.0,0.8292667794441382,1.0,6.067200833208629
11.0,1.0,0.30047984286702967,0.0,10.0
9.0,4.0,0.8895570571156132,2.0,7.120279439146303
8.0,3.0,0.9914293192081454,1.0,8.32007548879438
3.0,3.0,0.3067672957354898,1.0,3.992006784387638
9.0,4.0,0.12273805462617138,0.0,4.571628143065534
12.0,4.0,0.9571743488553465,1.0,8.076202467040547
9.0,2.0,0.17106515967605973,5.0,10.0
4.0,4.0,0.7714638089361773,1.0,3.8226108156975553
5.0,2.0,0.039113478648201805,5.0,8.264541213991041
12.0,4.0,0.23556509847015417,0.0,6.165408505334715
1.0,4.0,0.2601553110299646,3.0,1.962958959289381
3.0,1.0,0.29723503205329516,0.0,6.685439004275037
2.0,4.0,0.9193037603731687,2.0,3.6484221330970494
8.0,3.0,0.17530970920991185,5.0,8.345739343056954
6.0,4.0,0.17363896408860913,4.0,5.732002720907088
2.0,1.0,0.6916749367101237,3.0,8.404813297267847
12.0,3.0,0.9523171069997972,3.0,10.0
7.0,1.0,0.3892843584315542,3.0,10.0
3.0,4.0,0.7731286561517726,4.0,5.348344256710498
12.0,4.0,0.031035892505590468,3.0,7.397843615385037
9.0,3.0,0.8240637188070686,3.0,9.180434632729808
2.0,1.0,0.7233969011224191,0.0,6.666903401458701
10.0,3.0,0.8966156518554624,5.0,10.0
1.0,2.0,0.6374542835383026,3.0,6.207508638189858
11.0,4.0,0.9413366441604656,1.0,7.484113071951845
5.0,1.0,0.3898574094947437,0.0,7.827522810511147
4.0,2.0,0.7325314447207496,3.0,7.874234894783135
1.0,2.0,0.7255642082109406,4.0,7.021502395756965
12.0,4.0,0.26860786068493503,4.0,8.143258426012217
7.0,2.0,0.9205795390951387,5.0,10.0
8.0,4.0,0.7791767912046089,5.0,8.567637682050636
11.0,4.0,0.8663517835245634,3.0,9.178663496825907
7.0,3.0,0.36259100079846707,5.0,8.796353960457402
4.0,1.0,0.8412547834955745,0.0,8.19523886536609
10.0,1.0,0.31497646062973417,2.0,10.0
7.0,1.0,0.9644010500004486,2.0,10.0
3.0,4.0,0.02394713636581347,4.0,3.476428341982848
11.0,3.0,0.6191875473523993,1.0,8.216243949972306
10.0,2.0,0.11223951134664445,1.0,8.970268876810083
3.0,3.0,0.7187331733278222,5.0,6.867145782782951
8.0,3.0,0.36368830367403804,3.0,7.287170774624621
12.0,4.0,0.8706405934280971,3.0,9.088796507279516
10.0,1.0,0.8727025109053593,1.0,10.0
3.0,1.0,0.3680898735038748,3.0,8.23972950247892
11.0,4.0,0.8099817769615278,2.0,8.127117053106312
1.0,2.0,0.6811368771594715,3.0,6.7729796778473
8.0,4.0,0.4265669286537124,5.0,6.966571710567704
7.0,4.0,0.3432364439538024,1.0,4.640829636037572
1.0,1.0,0.2103049314692208,4.0,7.156920710165321
9.0,2.0,0.06320845285650911,3.0,9.503267381086024
4.0,3.0,0.5173593686025637,2.0,5.366282505283439
11.0,1.0,0.5400405370755103,5.0,10.0
11.0,4.0,0.4440186584603416,0.0,6.702945926529097
8.0,1.0,0.9505971797134382,4.0,10.0
8.0,1.0,0.013690117263167267,2.0,9.96916729589047
1.0,3.0,0.8503049599765884,4.0,5.207675991255656
11.0,1.0,0.8008214470330771,0.0,10.0
9.0,3.0,0.758752394254019,4.0,9.598539871909546
5.0,2.0,0.5249153123806438,0.0,6.5344627810972735
2.0,2.0,0.19035537820796056,2.0,5.400681189745628
7.0,4.0,0.8628793687734381,5.0,8.111490919234386
11.0,1.0,0.7445946545633017,3.0,10.0
11.0,2.0,0.8328212143804856,2.0,10.0
2.0,1.0,0.23578757327313637,1.0,6.53364940609101
10.0,1.0,0.5543749931039361,0.0,10.0
1.0,1.0,0.41595923895505993,0.0,5.711731624713727
5.0,2.0,0.6396714352382278,4.0,8.294554445399129
6.0,2.0,0.7526076935359698,1.0,7.925642182615859
1.0,2.0,0.17371536844498714,0.0,3.8647520603466745
2.0,1.0,0.1740382321149514,2.0,7.23903169354526
11.0,1.0,0.043606875938773215,2.0,10.0
8.0,1.0,0.15718503833113262,5.0,10.0
10.0,3.0,0.2401732296296688,1.0,7.037173176945616
7.0,4.0,0.07251857909945669,1.0,4.469462529078123
6.0,1.0,0.35569095490512004,0.0,8.231877734147014
1.0,1.0,0.6751662952455647,1.0,6.766165769038869
7.0,4.0,0.7930731277441504,3.0,7.225641982715289
10.0,3.0,0.34581626285830025,1.0,8.012604649599632
3.0,3.0,0.08382489796229442,4.0,4.855697232361733
6.0,1.0,0.7593723261584083,4.0,10.0
5.0,4.0,0.39118368836963113,2.0,5.103263238740558
11.0,3.0,0.25142759505407275,1.0,8.596500226070516
2.0,1.0,0.4706909754473476,4.0,8.718270889979953
2.0,1.0,0.9698642760741001,5.0,9.385614111062036
3.0,3.0,0.37263983664795264,5.0,6.644924754889923
2.0,4.0,0.959453074386708,5.0,5.228350599942934
11.0,4.0,0.2531691596797929,4.0,8.40339369961359
4.0,3.0,0.10554476001890012,4.0,5.494288974371325
5.0,3.0,0.1571788030023924,5.0,6.961006469873695
4.0,3.0,0.7737817398421739,2.0,5.855478691759051
10.0,1.0,0.5376131164488933,5.0,10.0
8.0,2.0,0.5819222503830604,0.0,8.350503491598507
6.0,1.0,0.9677083968521879,4.0,10.0
10.0,4.0,0.5048373705189647,2.0,7.7214001512618005
1.0,3.0,0.11702088894450602,1.0,2.4258753377254
9.0,4.0,0.718515234359992,4.0,7.6120854009032675
5.0,2.0,0.207851364069643,1.0,6.6032428585178735
5.0,4.0,0.5815380148024186,5.0,6.550658370591608
2.0,4.0,0.854378765461995,4.0,4.611646700949315
2.0,3.0,0.47708107543259803,0.0,3.1327213856388654
9.0,4.0,0.3142851009015948,5.0,7.351856529196856
11.0,3.0,0.5755465872070433,0.0,7.84208730311439
11.0,3.0,0.12695129128211402,4.0,9.346356471623832
3.0,1.0,0.30756405627775874,4.0,8.594132276530562
10.0,4.0,0.5041427868603767,3.0,7.636035356392348
2.0,1.0,0.25415116362123913,3.0,7.617763155524703
10.0,3.0,0.03925812152232944,4.0,8.825809929542759
7.0,3.0,0.5851409794218585,5.0,8.547298752882892
11.0,1.0,0.4012473648112821,4.0,10.0
1.0,4.0,0.39061025943482974,1.0,1.8281087393799267
10.0,1.0,0.996812795897975,3.0,10.0
6.0,3.0,0.11178403188695996,1.0,5.299453668081787
7.0,4.0,0.1541756378062098,0.0,3.5948373933045508
7.0,1.0,0.8762618174844566,0.0,9.945188821804653
9.0,2.0,0.13026165905404785,2.0,8.40701133444986
8.0,3.0,0.9176228320811173,5.0,9.703130266343654
5.0,4.0,0.6719608612842088,0.0,4.182634122548322
6.0,2.0,0.528162904923863,0.0,6.71693132214088
1.0,1.0,0.2784006815294713,0.0,5.871874276756736
9.0,1.0,0.35947348207133867,1.0,9.796217152209193
9.0,1.0,0.8259545699134301,3.0,10.0
7.0,4.0,0.05750454825193074,4.0,5.166850418496034
9.0,4.0,0.768548607006254,0.0,6.072139064186169
4.0,2.0,0.8278206853570748,4.0,8.874520095847029
3.0,4.0,0.7059669088836537,5.0,5.79971204893403
12.0,4.0,0.05450466474017679,0.0,6.472870556621389
12.0,4.0,0.7426549203646741,2.0,8.744119416206026
11.0,1.0,0.723163899106161,4.0,10.0
1.0,1.0,0.01309387603292167,4.0,6.774036691877872
7.0,3.0,0.8922833652878921,1.0,7.520904427031645
9.0,2.0,0.13219582532671925,0.0,8.190784182645759
1.0,1.0,0.960782172022048,2.0,7.612222080070996
12.0,3.0,0.07077058109418988,5.0,10.0
10.0,2.0,0.2380494288559516,5.0,10.0
4.0,4.0,0.6902421913196527,2.0,4.4974619108199025
7.0,3.0,0.13724131447688948,3.0,6.743340448621014
11.0,1.0,0.18496755698090106,3.0,10.0
11.0,4.0,0.011171643657057806,2.0,6.531724626524024
10.0,3.0,0.826480075803284,3.0,9.396841095434139
12.0,2.0,0.03761730072921454,1.0,9.709058031925048
9.0,1.0,0.6325730157274954,3.0,10.0
12.0,3.0,0.5823073282289144,3.0,10.0
12.0,3.0,0.5112402605537932,3.0,10.0
1.0,4.0,0.37515772483462484,5.0,3.7883905234816893
8.0,1.0,0.29956256445540974,4.0,10.0
5.0,2.0,0.9569475247611086,4.0,9.072525311326002
6.0,4.0,0.7853582753981895,4.0,7.080192096244326
3.0,3.0,0.9227325986658982,3.0,6.816577094522152
9.0,1.0,0.7338979527594727,1.0,10.0
11.0,4.0,0.8290089211880176,3.0,8.675974013014008
5.0,3.0,0.9641754218689419,5.0,8.672900511827425
9.0,2.0,0.4536445566132734,5.0,10.0
4.0,4.0,0.9068962734212147,2.0,4.628405453706587
9.0,3.0,0.04307416268999342,2.0,7.095086916053575
1.0,2.0,0.10787213524592076,1.0,3.883873609414608
11.0,4.0,0.49037433514535433,0.0,6.442030182602496
5.0,2.0,0.4539732505280023,1.0,7.37122856500674
7.0,1.0,0.4382130800392191,0.0,9.19999049660576
10.0,3.0,0.5371916517753879,2.0,8.61488534397376
1.0,1.0,0.5383727928389844,0.0,5.2687756506795775
12.0,3.0,0.8705647383026276,1.0,9.544391685974077
8.0,3.0,0.34591281267867235,4.0,8.222547414817177
12.0,3.0,0.3162409556935577,5.0,10.0
7.0,1.0,0.7018952392952498,5.0,10.0
3.0,3.0,0.648476937660066,3.0,5.8697308516930535
7.0,2.0,0.829846984023332,3.0,9.499589740318765
7.0,1.0,0.30927812694474066,5.0,10.0
12.0,2.0,0.006394216253686746,3.0,10.0
7.0,4.0,0.9440636840859176,0.0,5.17716656787647
5.0,4.0,0.04422539373850798,5.0,5.642352086083018
3.0,1.0,0.6800129433604662,3.0,8.717088319941604
4.0,4.0,0.3218319917857779,3.0,3.4674012197580493
7.0,3.0,0.4235330553909131,0.0,6.382045868807622
5.0,1.0,0.8380327774092649,2.0,9.422182759466299
5.0,4.0,0.4195794877385256,2.0,4.609131480220262
1.0,3.0,0.14437152810335563,4.0,4.084477127504565
12.0,4.0,0.7544350849353898,2.0,8.679653610548629
11.0,1.0,0.020211517060039652,2.0,10.0
4.0,1.0,0.27473298843389526,4.0,9.349565228061893
2.0,4.0,0.5380736118916079,0.0,2.0120359522918227
11.0,1.0,0.4377636955146402,4.0,10.0
11.0,3.0,0.6202283390131521,0.0,8.317562633595168
11.0,3.0,0.3813476927138095,1.0,8.147947865987513
7.0,4.0,0.3905847122961462,2.0,4.702417568572641
9.0,2.0,0.34865726010413156,1.0,8.516864301315207
9.0,4.0,0.8872704689328854,0.0,7.135171630673404
3.0,3.0,0.017296511094167966,2.0,3.4881811544261985
7.0,3.0,0.9396419673418005,4.0,8.95159888158988
4.0,3.0,0.35822167520172743,1.0,4.643574541923482
10.0,1.0,0.36488275569030726,1.0,10.0
12.0,2.0,0.725892848049817,4.0,10.0
1.0,3.0,0.38827673872586066,5.0,5.3069445083357865
1.0,2.0,0.6166448221012272,3.0,6.439148949360494
4.0,1.0,0.9036306790861411,3.0,9.753472957278841
2.0,3.0,0.8461980475259694,4.0,5.962130178723046
1.0,2.0,0.515366677609178,0.0,4.524074505144255
12.0,4.0,0.7166521279125396,5.0,9.840455382666379
7.0,3.0,0.3924347451053921,2.0,6.691178740027716
10.0,2.0,0.776044156830853,2.0,10.0
7.0,1.0,0.17018343674961434,3.0,9.961251748481114
9.0,1.0,0.04563178143557589,5.0,10.0
9.0,3.0,0.5407326759187577,5.0,9.680554206687392
2.0,2.0,0.21533868480646745,4.0,6.7186414894875535
2.0,3.0,0.7287259428631626,2.0,5.3487297958985165
6.0,3.0,0.10132350869529805,0.0,4.616633046831685
5.0,2.0,0.00849513816858416,1.0,6.262830948099408
11.0,4.0,0.6757033497418591,5.0,8.962550210811687
4.0,3.0,0.5007994379181666,0.0,3.82568208554592
4.0,4.0,0.9520154068301836,2.0,5.451952323843984
7.0,4.0,0.24748560786359575,2.0,4.894963683657145
3.0,4.0,0.12325611750061172,4.0,3.8222540869901294
11.0,1.0,0.023106181818359217,2.0,10.0
1.0,3.0,0.44424734894538775,4.0,4.50709158381135
11.0,1.0,0.10081688539591105,3.0,10.0
8.0,4.0,0.775643438329605,5.0,8.244156195605736
11.0,3.0,0.07198579438560071,1.0,7.489008748587459
4.0,2.0,0.9207548104503314,4.0,8.740772485930249
11.0,3.0,0.5408539232420617,4.0,9.858354522864069
11.0,3.0,0.6963719489435082,4.0,10.0
6.0,3.0,0.13091710580477467,2.0,6.022393214334769
4.0,3.0,0.0895053257846481,1.0,4.033766177240713
3.0,4.0,0.3536837765172094,3.0,3.912602432651529
2.0,4.0,0.5204345392711409,5.0,4.467297977918577
7.0,2.0,0.5755019513296279,1.0,8.049739129046436
12.0,4.0,0.32978845828969516,3.0,8.144663684169796
7.0,1.0,0.27266229518433827,1.0,9.23829477983129
12.0,2.0,0.9814105423244995,4.0,10.0
10.0,1.0,0.27266191994398825,2.0,10.0
9.0,4.0,0.1379249082845807,5.0,8.02519610850923
9.0,1.0,0.3594596643866719,0.0,9.773855682879907
12.0,4.0,0.30387131438099657,0.0,6.61845805634494
11.0,4.0,0.4217352010057991,5.0,8.818220100833443
2.0,4.0,0.6237137363728421,2.0,3.3908909712463617
8.0,4.0,0.603147933249306,0.0,4.723174707026764
6.0,2.0,0.6982898854151858,5.0,10.0
11.0,4.0,0.156685070614082,2.0,7.10772622751937
3.0,4.0,0.045944363993978166,5.0,3.898533966538852
10.0,4.0,0.7908097997284536,2.0,7.5910837684931165
6.0,4.0,0.21715263960762,4.0,5.267100819265709
12.0,4.0,0.3156650038896712,3.0,8.221100514946947
10.0,3.0,0.45567971440913824,2.0,8.429764687864784
5.0,4.0,0.7163063683439718,2.0,5.0012028034834195
11.0,2.0,0.16358443006600298,1.0,9.018672394975493
3.0,3.0,0.9024022649842793,4.0,6.660341478166881
1.0,4.0,0.32152733419153634,3.0,2.986872042253126
7.0,2.0,0.9826626928390676,0.0,8.305187977978864
5.0,4.0,0.28541256298862483,2.0,3.277776765522506
2.0,1.0,0.7256530157515805,2.0,7.906116915948562
12.0,3.0,0.3766691120021691,5.0,10.0
1.0,1.0,0.8365877358739194,2.0,7.927838770582323
8.0,4.0,0.4624065924235985,3.0,6.24956944306406
4.0,4.0,0.8705318859467905,0.0,3.7258832387622056
4.0,1.0,0.7539386251715092,2.0,9.211835061340908
3.0,1.0,0.5860285958064008,1.0,7.1451816582397605
5.0,3.0,0.24998992965781064,2.0,5.243162160836426
9.0,4.0,0.2598677190609102,5.0,7.639239500720744
4.0,2.0,0.9914220915336776,5.0,9.961190155210623
9.0,4.0,0.9253879969665826,1.0,6.718979039430939
6.0,2.0,0.13841838975706489,3.0,8.2469419912934
10.0,2.0,0.20406451607917353,5.0,10.0
6.0,2.0,0.10681438624102724,1.0,5.697974973956846
5.0,2.0,0.20133779851874178,2.0,7.12581884911246
7.0,2.0,0.2902375782189588,3.0,8.742594839341145
9.0,1.0,0.8376269317752103,0.0,10.0
6.0,2.0,0.0951822509928637,2.0,7.399495963607728
11.0,2.0,0.8821205660026245,0.0,10.0
7.0,1.0,0.9719301314269501,1.0,10.0
4.0,2.0,0.28174006841313937,0.0,5.497273623627211
1.0,1.0,0.4562338457421009,4.0,7.774347270982914
5.0,1.0,0.5293283736240338,5.0,10.0
1.0,3.0,0.20568933285733915,1.0,2.368068238536951
1.0,1.0,0.7315763789367484,0.0,6.098860373793688
5.0,2.0,0.5799987995889677,2.0,7.610971209740159
4.0,3.0,0.11217735500947823,0.0,3.0520946158156566
11.0,1.0,0.8959823126310174,2.0,10.0
9.0,3.0,0.3021926920893141,3.0,8.004100732140108
10.0,1.0,0.1562473167713777,2.0,10.0
7.0,1.0,0.9818544016404034,3.0,10.0
2.0,1.0,0.10290899701169731,3.0,6.491845794617469
11.0,4.0,0.05969668463837041,0.0,6.08511193625892
6.0,1.0,0.23755300683015446,4.0,9.544236813296907
6.0,1.0,0.31926491739684937,4.0,9.89308151365115
8.0,4.0,0.4338026661507016,0.0,4.489074936861547
2.0,3.0,0.6851702180545111,2.0,5.260049695023875
6.0,3.0,0.36571338422990374,1.0,5.857852805071956
8.0,1.0,0.5593336107029797,2.0,10.0
9.0,2.0,0.005811425630029565,4.0,9.348526082479637
7.0,3.0,0.3848996818521925,3.0,7.32367733392772
12.0,3.0,0.9449686754234813,5.0,10.0
12.0,3.0,0.774846705665017,3.0,10.0
2.0,1.0,0.7408005691165347,0.0,6.817007687012568
1.0,4.0,0.30451597649602036,4.0,3.264923707576061
7.0,3.0,0.48817617317435924,0.0,6.1220690997947145
10.0,1.0,0.8445235022880091,2.0,10.0
7.0,4.0,0.8801556697595049,5.0,7.14449788376236
3.0,2.0,0.7105430292911296,5.0,8.3470384870494
7.0,1.0,0.45654143106925793,0.0,8.478240947321769
12.0,4.0,0.07316504524493062,5.0,8.669920496257873
3.0,1.0,0.11935330855215065,5.0,8.661735057040307
6.0,1.0,0.00029292182491280627,5.0,9.824187379685862
8.0,3.0,0.35919976950293386,4.0,7.82973085485303
5.0,2.0,0.023383963499597038,0.0,5.902804680708862
1.0,1.0,0.43502179072678904,0.0,5.73393889297512
9.0,1.0,0.5975416232174418,3.0,10.0
9.0,1.0,0.5958801403782715,0.0,10.0
8.0,4.0,0.5552975182009486,1.0,5.716071844907339
8.0,3.0,0.22617086082240712,5.0,8.464105379958923
8.0,4.0,0.5191889016889812,5.0,7.640849322333015
4.0,3.0,0.9798359304170464,1.0,6.2874780607525365
1.0,3.0,0.44461778702574495,3.0,4.720503473275123
12.0,1.0,0.8744916863450265,3.0,10.0
3.0,4.0,0.3814054411619432,1.0,3.0194601022079937
10.0,4.0,0.6230444378147061,1.0,6.895230701206311
7.0,3.0,0.4818389065795099,2.0,6.974445472935177
7.0,1.0,0.688622476361669,3.0,10.0
1.0,4.0,0.8973778396089142,4.0,4.820585724725508
12.0,2.0,0.44090074920657774,5.0,10.0
7.0,1.0,0.757399458259638,0.0,9.351738720200697
10.0,3.0,0.8825396498687832,3.0,9.407334360449887
10.0,4.0,0.7895445462099001,3.0,8.30540913206984
2.0,3.0,0.024555998875792517,0.0,2.9569720653168154
12.0,1.0,0.00018965351824429266,5.0,10.0
8.0,3.0,0.8829596766482407,3.0,9.091807772416441
3.0,4.0,0.7293134123517789,4.0,4.882167163497954
7.0,3.0,0.9581320321704097,3.0,7.873563214016491
8.0,2.0,0.29248239403496934,2.0,8.72578363463893
8.0,3.0,0.7879682527151248,1.0,7.848752501472408
4.0,1.0,0.8015220771176368,2.0,8.997639556995043
12.0,4.0,0.857326489747688,4.0,9.397446590014434
3.0,4.0,0.692027913701495,3.0,4.8976831054712715
6.0,3.0,0.13830799241727165,3.0,6.076024888940373
11.0,1.0,0.6809427395242603,0.0,10.0
1.0,2.0,0.6044836948377419,0.0,4.255052292119277
5.0,1.0,0.3336720925154043,4.0,9.792145699326934
6.0,4.0,0.20861349173396515,5.0,6.033479130765478
10.0,3.0,0.885099944313532,2.0,9.532224690579735
10.0,2.0,0.14194649496018974,2.0,9.731788007890604
10.0,4.0,0.42219789669395735,5.0,8.100306879897294
5.0,4.0,0.622798522705721,1.0,4.401829476976975
6.0,4.0,0.9717964314155138,3.0,6.033622647388477
1.0,2.0,0.6709763524111558,0.0,4.428578219680524
10.0,1.0,0.3048781989215237,1.0,10.0
4.0,2.0,0.060661934332657874,2.0,6.244122050447174
6.0,2.0,0.3177031228467254,4.0,9.13846659173697
9.0,3.0,0.29278655931364483,1.0,7.643256795577462
10.0,2.0,0.8190794818137422,2.0,10.0
2.0,3.0,0.37658455451850203,1.0,3.844829446614853
10.0,1.0,0.09844833288382937,0.0,9.979798305354807
5.0,1.0,0.8699774626924047,4.0,10.0
6.0,4.0,0.018054266783106843,4.0,4.9852715104943695
2.0,2.0,0.0030093955283441165,3.0,5.528850302443254
9.0,1.0,0.4747532434816172,3.0,10.0
6.0,4.0,0.0692202899909814,0.0,3.0759283961292216
2.0,1.0,0.17710189602354365,3.0,7.251780663999263
2.0,4.0,0.985284582121861,4.0,4.934671617240214
9.0,2.0,0.8443650029928225,2.0,10.0
2.0,2.0,0.7640376759317266,4.0,7.187450053743051
7.0,2.0,0.6707930531972014,1.0,8.600360191308708
9.0,1.0,0.04781544901944135,3.0,10.0
11.0,2.0,0.8359087118270672,2.0,10.0
2.0,2.0,0.47118832944677413,5.0,7.553232064974338
4.0,2.0,0.09831997389501568,1.0,5.571551903178249
2.0,2.0,0.30075101115001845,1.0,4.913571408291924
11.0,3.0,0.5019681197845453,4.0,10.0
8.0,1.0,0.013694597421178623,0.0,8.693251743855036
12.0,2.0,0.252419473051384,3.0,10.0
1.0,4.0,0.33592362873676584,0.0,0.7307700169123379
9.0,4.0,0.46379133953459695,3.0,6.705879585301759
1.0,3.0,0.0019816055738378635,1.0,2.509370715891242
2.0,2.0,0.5654426201812867,1.0,5.8529703383084035
6.0,2.0,0.19763371086877213,2.0,6.949520293224037
5.0,4.0,0.5972505307485759,1.0,4.274026096683653
5.0,2.0,0.23915030711850638,0.0,6.044636473314319
1.0,4.0,0.40271844158082903,3.0,2.669963934573462
7.0,1.0,0.6236301992462796,3.0,10.0
5.0,3.0,0.6565726064408199,3.0,6.592248090468254
12.0,3.0,0.030595693118689482,5.0,10.0
10.0,2.0,0.5350745480792225,4.0,10.0
6.0,2.0,0.8166416693258136,4.0,9.992618685498917
