resume,jd
python sql deep learning numpy kubernetes machine learning data structures experience project internship,machine learning kubernetes python numpy react data structures required preferred role
scikit-learn system design javascript fastapi python algorithms java pandas kubernetes experience project internship,javascript data structures python deep learning system design kubernetes java required preferred role
sql machine learning data structures experience project internship,python data structures system design required preferred role
machine learning numpy postgresql fastapi javascript experience project internship,docker react java aws required preferred role
algorithms postgresql pandas sql experience project internship,javascript deep learning docker react numpy required preferred role
numpy fastapi machine learning scikit-learn react data structures postgresql experience project internship,javascript system design docker aws data structures numpy required preferred role
numpy machine learning deep learning experience project internship,kubernetes scikit-learn javascript sql required preferred role
system design react scikit-learn java deep learning experience project internship,kubernetes java javascript deep learning required preferred role
sql scikit-learn system design machine learning experience project internship,javascript react data structures postgresql kubernetes required preferred role
docker postgresql java numpy scikit-learn kubernetes fastapi python data structures experience project internship,java system design fastapi aws deep learning sql required preferred role
deep learning fastapi java javascript react postgresql experience project internship,data structures kubernetes sql required preferred role
machine learning java docker sql pandas react data structures aws postgresql experience project internship,postgresql machine learning python required preferred role
postgresql sql data structures numpy experience project internship,java postgresql pandas numpy required preferred role
data structures pandas javascript experience project internship,kubernetes aws system design numpy scikit-learn required preferred role
system design docker scikit-learn experience project internship,javascript python java required preferred role
system design data structures pandas kubernetes sql experience project internship,kubernetes system design fastapi pandas deep learning numpy required preferred role
java python scikit-learn data structures numpy fastapi machine learning docker experience project internship,deep learning sql numpy javascript algorithms required preferred role
numpy sql fastapi react machine learning experience project internship,javascript data structures machine learning kubernetes deep learning sql scikit-learn required preferred role
deep learning react algorithms docker machine learning experience project internship,algorithms machine learning data structures javascript kubernetes python required preferred role
deep learning java sql experience project internship,numpy java scikit-learn javascript python algorithms required preferred role
kubernetes javascript pandas aws scikit-learn python experience project internship,fastapi react aws required preferred role
fastapi postgresql algorithms python data structures scikit-learn machine learning aws system design experience project internship,machine learning python algorithms fastapi scikit-learn kubernetes numpy required preferred role
postgresql kubernetes python react data structures system design aws pandas numpy experience project internship,scikit-learn system design algorithms data structures fastapi sql javascript required preferred role
python system design deep learning kubernetes fastapi sql numpy javascript react experience project internship,python javascript sql numpy pandas aws deep learning required preferred role
pandas algorithms aws fastapi python machine learning experience project internship,algorithms sql scikit-learn deep learning required preferred role
react numpy kubernetes deep learning experience project internship,machine learning fastapi docker pandas kubernetes required preferred role
python sql data structures kubernetes java experience project internship,javascript sql python required preferred role
postgresql system design scikit-learn kubernetes fastapi java sql python docker experience project internship,machine learning algorithms deep learning numpy required preferred role
docker python scikit-learn deep learning java numpy sql experience project internship,data structures kubernetes postgresql java system design fastapi required preferred role
react sql data structures pandas experience project internship,system design deep learning fastapi required preferred role
algorithms deep learning data structures numpy experience project internship,pandas docker javascript scikit-learn postgresql fastapi required preferred role
algorithms scikit-learn numpy java fastapi pandas experience project internship,scikit-learn numpy postgresql algorithms fastapi machine learning aws required preferred role
scikit-learn docker system design experience project internship,sql kubernetes pandas javascript required preferred role
java python postgresql deep learning fastapi scikit-learn sql machine learning react experience project internship,deep learning postgresql scikit-learn data structures react machine learning required preferred role
python kubernetes deep learning data structures fastapi react numpy system design pandas experience project internship,java numpy python scikit-learn required preferred role
javascript postgresql pandas react algorithms system design java deep learning data structures experience project internship,algorithms python postgresql kubernetes required preferred role
data structures postgresql java aws machine learning system design experience project internship,algorithms machine learning data structures deep learning javascript required preferred role
machine learning postgresql python aws system design react docker fastapi deep learning experience project internship,algorithms postgresql system design react python data structures fastapi required preferred role
algorithms pandas numpy kubernetes experience project internship,data structures numpy kubernetes scikit-learn required preferred role
javascript pandas postgresql fastapi docker kubernetes experience project internship,fastapi sql algorithms docker required preferred role
system design sql fastapi algorithms experience project internship,fastapi data structures algorithms python required preferred role
fastapi system design algorithms deep learning react pandas docker experience project internship,javascript algorithms data structures required preferred role
scikit-learn kubernetes react numpy algorithms experience project internship,scikit-learn pandas fastapi sql required preferred role
deep learning aws pandas numpy algorithms kubernetes scikit-learn data structures sql experience project internship,numpy postgresql python sql required preferred role
data structures fastapi scikit-learn react numpy pandas deep learning docker python experience project internship,postgresql kubernetes python machine learning react deep learning required preferred role
aws machine learning sql scikit-learn react experience project internship,kubernetes numpy scikit-learn required preferred role
system design scikit-learn deep learning kubernetes react aws machine learning experience project internship,python kubernetes aws system design required preferred role
machine learning python numpy deep learning java experience project internship,scikit-learn system design java machine learning data structures pandas required preferred role
scikit-learn aws numpy python experience project internship,fastapi aws machine learning deep learning docker required preferred role
docker sql numpy experience project internship,pandas numpy postgresql sql deep learning scikit-learn algorithms required preferred role
aws system design sql javascript deep learning experience project internship,scikit-learn kubernetes algorithms required preferred role
aws postgresql pandas docker fastapi system design java react experience project internship,react docker numpy java deep learning fastapi required preferred role
machine learning algorithms docker java aws pandas python numpy react experience project internship,sql machine learning react kubernetes docker required preferred role
kubernetes aws sql fastapi pandas docker scikit-learn experience project internship,javascript machine learning system design required preferred role
numpy docker kubernetes deep learning sql javascript algorithms experience project internship,system design kubernetes javascript fastapi sql machine learning required preferred role
fastapi javascript algorithms data structures python experience project internship,algorithms fastapi pandas machine learning scikit-learn required preferred role
scikit-learn fastapi system design docker javascript react pandas deep learning experience project internship,python aws data structures javascript java pandas kubernetes required preferred role
scikit-learn algorithms pandas aws javascript data structures deep learning experience project internship,react aws docker required preferred role
algorithms machine learning aws sql data structures postgresql scikit-learn react numpy experience project internship,machine learning fastapi react data structures sql algorithms required preferred role
numpy javascript algorithms pandas react postgresql experience project internship,data structures javascript python pandas postgresql docker react required preferred role
data structures scikit-learn pandas algorithms numpy machine learning experience project internship,pandas machine learning data structures required preferred role
javascript scikit-learn numpy experience project internship,python pandas scikit-learn required preferred role
kubernetes pandas docker python postgresql numpy system design machine learning experience project internship,react java pandas kubernetes aws scikit-learn docker required preferred role
pandas react machine learning numpy javascript kubernetes fastapi experience project internship,postgresql javascript docker required preferred role
docker scikit-learn postgresql pandas data structures experience project internship,pandas algorithms sql postgresql required preferred role
machine learning algorithms system design scikit-learn experience project internship,postgresql numpy aws pandas required preferred role
java react pandas numpy algorithms python fastapi system design experience project internship,postgresql python java data structures scikit-learn required preferred role
data structures machine learning python docker scikit-learn sql algorithms deep learning experience project internship,pandas machine learning numpy java python javascript algorithms required preferred role
docker sql scikit-learn javascript python react kubernetes numpy algorithms experience project internship,react python sql algorithms java required preferred role
system design machine learning numpy docker kubernetes sql aws postgresql javascript experience project internship,postgresql kubernetes sql required preferred role
data structures postgresql javascript experience project internship,docker scikit-learn deep learning aws required preferred role
python javascript pandas system design deep learning docker machine learning sql experience project internship,react machine learning deep learning system design pandas algorithms required preferred role
pandas machine learning fastapi postgresql experience project internship,docker aws sql fastapi algorithms python required preferred role
react scikit-learn pandas sql java experience project internship,sql machine learning docker java react required preferred role
deep learning kubernetes data structures experience project internship,java fastapi deep learning required preferred role
fastapi scikit-learn numpy python aws react java experience project internship,fastapi aws postgresql required preferred role
javascript postgresql algorithms machine learning react experience project internship,java react system design fastapi deep learning javascript required preferred role
deep learning numpy algorithms python docker machine learning scikit-learn experience project internship,docker numpy pandas required preferred role
react deep learning numpy fastapi scikit-learn javascript system design java experience project internship,algorithms scikit-learn java fastapi required preferred role
numpy docker java fastapi scikit-learn algorithms kubernetes aws experience project internship,machine learning numpy postgresql python java required preferred role
numpy java deep learning experience project internship,kubernetes javascript sql aws required preferred role
postgresql docker java algorithms numpy python scikit-learn data structures experience project internship,deep learning algorithms data structures react aws sql required preferred role
java numpy machine learning aws react sql experience project internship,scikit-learn system design data structures fastapi required preferred role
system design postgresql pandas python data structures kubernetes experience project internship,sql aws pandas kubernetes deep learning numpy required preferred role
postgresql fastapi sql algorithms deep learning scikit-learn aws experience project internship,system design kubernetes python javascript algorithms numpy required preferred role
python pandas fastapi algorithms experience project internship,numpy python data structures required preferred role
sql python numpy postgresql deep learning pandas algorithms kubernetes javascript experience project internship,docker kubernetes python required preferred role
javascript algorithms numpy fastapi experience project internship,python deep learning system design javascript scikit-learn java required preferred role
javascript data structures system design machine learning postgresql aws experience project internship,python javascript java system design required preferred role
javascript deep learning data structures java system design scikit-learn python postgresql experience project internship,docker pandas java aws fastapi javascript required preferred role
kubernetes deep learning python react java fastapi numpy docker experience project internship,numpy react java required preferred role
react deep learning javascript java numpy python pandas postgresql fastapi experience project internship,python deep learning javascript required preferred role
system design machine learning docker experience project internship,python kubernetes react pandas fastapi required preferred role
data structures scikit-learn docker sql machine learning react aws system design postgresql experience project internship,kubernetes machine learning aws data structures python required preferred role
deep learning pandas postgresql python kubernetes aws algorithms sql data structures experience project internship,fastapi java aws required preferred role
scikit-learn deep learning aws experience project internship,data structures sql python docker required preferred role
machine learning javascript java fastapi experience project internship,scikit-learn javascript sql required preferred role
python data structures docker system design javascript java postgresql experience project internship,react sql pandas system design javascript algorithms required preferred role
deep learning data structures scikit-learn system design java react algorithms postgresql python experience project internship,machine learning algorithms fastapi system design required preferred role
fastapi postgresql docker pandas python machine learning experience project internship,pandas numpy data structures deep learning aws sql required preferred role
python docker algorithms javascript react deep learning machine learning numpy experience project internship,numpy aws machine learning required preferred role
numpy fastapi deep learning java docker algorithms python sql experience project internship,system design kubernetes fastapi required preferred role
system design pandas data structures algorithms docker java machine learning numpy experience project internship,python numpy fastapi scikit-learn java aws required preferred role
sql numpy fastapi scikit-learn kubernetes algorithms postgresql experience project internship,postgresql deep learning system design required preferred role
react kubernetes sql postgresql algorithms java system design machine learning numpy experience project internship,system design kubernetes machine learning sql numpy required preferred role
machine learning postgresql deep learning experience project internship,system design react java numpy aws required preferred role
sql aws deep learning data structures scikit-learn postgresql experience project internship,sql machine learning python required preferred role
java react scikit-learn fastapi postgresql machine learning experience project internship,machine learning javascript system design deep learning required preferred role
postgresql deep learning machine learning experience project internship,docker sql system design required preferred role
sql postgresql numpy javascript experience project internship,java docker deep learning required preferred role
pandas javascript numpy sql experience project internship,data structures algorithms docker numpy aws system design required preferred role
numpy sql python data structures fastapi algorithms react kubernetes experience project internship,deep learning pandas fastapi data structures required preferred role
fastapi pandas aws data structures experience project internship,javascript fastapi scikit-learn system design required preferred role
deep learning javascript aws pandas numpy experience project internship,machine learning kubernetes fastapi sql java required preferred role
fastapi java algorithms aws numpy docker experience project internship,data structures kubernetes deep learning java postgresql scikit-learn required preferred role
machine learning numpy algorithms system design fastapi pandas deep learning python scikit-learn experience project internship,sql system design scikit-learn required preferred role
machine learning postgresql javascript numpy python experience project internship,deep learning machine learning numpy scikit-learn required preferred role
data structures aws postgresql system design deep learning pandas python javascript experience project internship,kubernetes aws react java required preferred role
fastapi algorithms data structures postgresql experience project internship,react machine learning data structures docker required preferred role
docker python react data structures aws system design experience project internship,numpy pandas python required preferred role
data structures deep learning docker python experience project internship,docker numpy data structures scikit-learn algorithms javascript required preferred role
scikit-learn fastapi sql data structures algorithms pandas deep learning postgresql experience project internship,react numpy pandas postgresql data structures scikit-learn required preferred role
scikit-learn postgresql fastapi kubernetes aws machine learning numpy experience project internship,java aws machine learning pandas system design python fastapi required preferred role
pandas machine learning data structures docker deep learning aws python scikit-learn experience project internship,aws react data structures system design fastapi pandas javascript required preferred role
data structures react algorithms deep learning sql experience project internship,numpy algorithms react required preferred role
kubernetes python numpy deep learning java data structures scikit-learn experience project internship,java docker python deep learning system design fastapi required preferred role
fastapi react algorithms java deep learning docker pandas javascript experience project internship,algorithms aws kubernetes deep learning pandas required preferred role
sql postgresql aws data structures javascript experience project internship,algorithms python javascript numpy react java fastapi required preferred role
docker scikit-learn system design experience project internship,python system design docker aws kubernetes algorithms deep learning required preferred role
algorithms system design react aws deep learning javascript numpy java experience project internship,numpy javascript scikit-learn system design docker required preferred role
sql postgresql scikit-learn react docker experience project internship,aws scikit-learn java javascript algorithms required preferred role
scikit-learn javascript deep learning sql java aws experience project internship,javascript postgresql scikit-learn pandas docker required preferred role
docker machine learning react experience project internship,deep learning pandas data structures scikit-learn algorithms aws sql required preferred role
fastapi machine learning postgresql system design javascript scikit-learn kubernetes experience project internship,machine learning java postgresql deep learning react required preferred role
deep learning data structures docker numpy java experience project internship,docker fastapi python deep learning pandas machine learning java required preferred role
sql data structures machine learning numpy pandas java javascript aws scikit-learn experience project internship,data structures machine learning scikit-learn required preferred role
kubernetes sql react postgresql numpy deep learning system design experience project internship,react aws sql data structures required preferred role
algorithms numpy deep learning python fastapi react postgresql sql aws experience project internship,javascript pandas system design java data structures postgresql required preferred role
pandas machine learning docker react scikit-learn experience project internship,docker java system design data structures kubernetes sql deep learning required preferred role
scikit-learn system design java experience project internship,scikit-learn pandas postgresql deep learning react java kubernetes required preferred role
deep learning docker scikit-learn data structures pandas experience project internship,system design deep learning docker kubernetes aws required preferred role
fastapi aws java experience project internship,fastapi docker pandas postgresql java python algorithms required preferred role
machine learning javascript python deep learning docker pandas experience project internship,machine learning java numpy required preferred role
machine learning sql pandas aws deep learning experience project internship,pandas fastapi machine learning react required preferred role
machine learning kubernetes system design react deep learning experience project internship,deep learning react numpy machine learning kubernetes python required preferred role
java pandas docker algorithms system design sql aws react numpy experience project internship,scikit-learn postgresql fastapi required preferred role
aws docker sql scikit-learn javascript kubernetes algorithms experience project internship,machine learning javascript scikit-learn kubernetes docker sql required preferred role
javascript numpy algorithms scikit-learn experience project internship,data structures scikit-learn javascript required preferred role
react algorithms kubernetes fastapi scikit-learn sql experience project internship,system design numpy postgresql required preferred role
algorithms data structures pandas deep learning experience project internship,pandas python javascript react required preferred role
docker react machine learning system design python data structures fastapi experience project internship,kubernetes deep learning sql javascript machine learning required preferred role
aws react kubernetes scikit-learn system design deep learning machine learning experience project internship,algorithms docker sql react aws fastapi required preferred role
data structures react fastapi docker pandas scikit-learn deep learning javascript experience project internship,algorithms pandas sql javascript required preferred role
sql python aws experience project internship,docker python kubernetes fastapi required preferred role
postgresql machine learning numpy data structures java experience project internship,react scikit-learn numpy required preferred role
pandas deep learning javascript sql experience project internship,system design sql python kubernetes pandas scikit-learn required preferred role
docker aws java experience project internship,javascript docker numpy sql algorithms required preferred role
system design postgresql pandas aws react deep learning experience project internship,data structures scikit-learn algorithms docker sql machine learning required preferred role
python algorithms machine learning scikit-learn fastapi javascript pandas postgresql react experience project internship,sql python data structures numpy machine learning required preferred role
scikit-learn system design aws deep learning docker python experience project internship,react fastapi scikit-learn system design docker algorithms deep learning required preferred role
kubernetes javascript data structures java sql deep learning experience project internship,javascript deep learning scikit-learn system design python pandas aws required preferred role
react aws kubernetes experience project internship,algorithms system design numpy machine learning postgresql docker react required preferred role
data structures react scikit-learn pandas aws deep learning experience project internship,algorithms machine learning deep learning python java required preferred role
system design data structures aws postgresql deep learning react kubernetes experience project internship,sql deep learning fastapi numpy required preferred role
sql java machine learning react fastapi docker algorithms experience project internship,kubernetes sql docker required preferred role
machine learning pandas python react algorithms numpy postgresql deep learning kubernetes experience project internship,aws algorithms kubernetes required preferred role
system design pandas scikit-learn aws numpy experience project internship,numpy data structures algorithms aws kubernetes system design required preferred role
data structures python javascript sql algorithms system design numpy docker postgresql experience project internship,fastapi python scikit-learn algorithms machine learning required preferred role
machine learning python system design scikit-learn aws experience project internship,system design machine learning postgresql scikit-learn required preferred role
postgresql python fastapi scikit-learn sql experience project internship,aws postgresql python fastapi deep learning data structures algorithms required preferred role
react scikit-learn fastapi java docker postgresql aws algorithms experience project internship,sql aws pandas postgresql system design java required preferred role
system design machine learning fastapi react pandas experience project internship,python sql java deep learning javascript required preferred role
deep learning pandas javascript algorithms fastapi postgresql python react machine learning experience project internship,machine learning algorithms kubernetes required preferred role
aws algorithms react machine learning experience project internship,data structures docker numpy system design required preferred role
python docker machine learning experience project internship,pandas postgresql react kubernetes data structures required preferred role
system design python deep learning fastapi javascript algorithms experience project internship,fastapi python kubernetes javascript aws required preferred role
system design numpy java algorithms react python machine learning javascript experience project internship,deep learning javascript fastapi java react scikit-learn docker required preferred role
kubernetes javascript pandas experience project internship,react pandas docker data structures system design required preferred role
react aws javascript java data structures algorithms pandas numpy system design experience project internship,algorithms fastapi python required preferred role
numpy docker python fastapi machine learning experience project internship,machine learning postgresql java numpy required preferred role
postgresql machine learning system design javascript pandas algorithms experience project internship,java numpy kubernetes required preferred role
scikit-learn javascript aws algorithms pandas python numpy deep learning experience project internship,kubernetes javascript react system design required preferred role
data structures algorithms docker system design react scikit-learn sql deep learning experience project internship,kubernetes java react docker required preferred role
deep learning machine learning algorithms aws docker data structures numpy javascript experience project internship,numpy sql kubernetes scikit-learn aws algorithms required preferred role
javascript fastapi numpy java python experience project internship,fastapi algorithms numpy machine learning sql deep learning java required preferred role
algorithms machine learning deep learning python javascript postgresql numpy experience project internship,react data structures machine learning system design required preferred role
docker sql java system design deep learning machine learning scikit-learn fastapi data structures experience project internship,system design java react scikit-learn required preferred role
docker java deep learning experience project internship,scikit-learn sql javascript postgresql required preferred role
numpy machine learning pandas sql javascript python fastapi deep learning system design experience project internship,system design kubernetes react required preferred role
docker postgresql react numpy experience project internship,numpy data structures machine learning required preferred role
scikit-learn docker postgresql fastapi data structures system design numpy aws experience project internship,aws python fastapi deep learning required preferred role
algorithms fastapi data structures experience project internship,react numpy system design data structures aws required preferred role
system design scikit-learn numpy kubernetes experience project internship,system design deep learning sql pandas javascript required preferred role
pandas postgresql machine learning algorithms javascript fastapi java experience project internship,kubernetes javascript sql react java data structures required preferred role
algorithms pandas java experience project internship,postgresql numpy python required preferred role
algorithms sql docker system design javascript deep learning aws java postgresql experience project internship,deep learning fastapi java numpy docker sql required preferred role
docker deep learning react experience project internship,aws machine learning deep learning postgresql docker scikit-learn required preferred role
postgresql java fastapi data structures system design python experience project internship,system design postgresql algorithms fastapi javascript data structures machine learning required preferred role
postgresql numpy javascript experience project internship,algorithms fastapi pandas docker numpy system design machine learning required preferred role
fastapi machine learning java postgresql numpy system design docker experience project internship,sql docker data structures numpy scikit-learn postgresql required preferred role
docker numpy postgresql scikit-learn python algorithms javascript fastapi experience project internship,scikit-learn data structures kubernetes required preferred role
algorithms machine learning python experience project internship,aws kubernetes react required preferred role
system design aws data structures python kubernetes docker sql algorithms experience project internship,data structures pandas machine learning kubernetes scikit-learn javascript required preferred role
python data structures docker experience project internship,react docker system design machine learning deep learning fastapi required preferred role
pandas sql aws experience project internship,aws java postgresql scikit-learn fastapi python deep learning required preferred role
postgresql pandas react experience project internship,java data structures fastapi numpy postgresql javascript required preferred role
javascript scikit-learn numpy java fastapi deep learning algorithms experience project internship,scikit-learn algorithms deep learning fastapi java kubernetes required preferred role
data structures aws scikit-learn fastapi numpy algorithms python sql kubernetes experience project internship,sql scikit-learn algorithms fastapi python aws required preferred role
java data structures kubernetes fastapi docker pandas deep learning experience project internship,scikit-learn system design javascript algorithms postgresql fastapi required preferred role
fastapi data structures java experience project internship,machine learning aws algorithms data structures pandas deep learning required preferred role
numpy python sql javascript fastapi postgresql pandas experience project internship,data structures pandas kubernetes numpy machine learning required preferred role
data structures aws javascript algorithms deep learning sql postgresql machine learning scikit-learn experience project internship,fastapi numpy python system design java javascript required preferred role
sql java kubernetes data structures algorithms react numpy deep learning experience project internship,algorithms data structures java deep learning fastapi docker aws required preferred role
postgresql numpy deep learning java data structures algorithms machine learning system design experience project internship,aws java postgresql python scikit-learn fastapi system design required preferred role
kubernetes docker aws system design javascript postgresql experience project internship,machine learning scikit-learn javascript required preferred role
postgresql sql algorithms react machine learning javascript data structures deep learning experience project internship,numpy data structures system design fastapi machine learning pandas java required preferred role
deep learning numpy data structures experience project internship,aws docker fastapi postgresql required preferred role
numpy pandas deep learning kubernetes experience project internship,fastapi postgresql scikit-learn pandas required preferred role
machine learning scikit-learn sql postgresql algorithms react java experience project internship,sql pandas fastapi machine learning required preferred role
postgresql aws machine learning react algorithms kubernetes fastapi javascript deep learning experience project internship,fastapi kubernetes pandas javascript deep learning postgresql required preferred role
numpy aws javascript pandas experience project internship,machine learning data structures deep learning required preferred role
aws numpy scikit-learn experience project internship,java system design aws sql react data structures required preferred role
numpy fastapi algorithms react experience project internship,python postgresql sql javascript required preferred role
fastapi data structures python deep learning pandas scikit-learn sql experience project internship,numpy javascript machine learning aws required preferred role
javascript algorithms postgresql deep learning scikit-learn java machine learning experience project internship,machine learning algorithms pandas data structures scikit-learn required preferred role
system design aws kubernetes algorithms java experience project internship,deep learning postgresql system design java javascript numpy pandas required preferred role
scikit-learn machine learning postgresql java pandas experience project internship,aws machine learning sql required preferred role
kubernetes postgresql numpy fastapi pandas sql machine learning react experience project internship,numpy java scikit-learn required preferred role
algorithms docker deep learning numpy data structures react javascript system design experience project internship,kubernetes deep learning machine learning required preferred role
javascript postgresql machine learning deep learning kubernetes system design experience project internship,data structures aws pandas java required preferred role
docker java numpy react kubernetes fastapi postgresql experience project internship,python deep learning javascript java required preferred role
scikit-learn kubernetes deep learning numpy javascript machine learning sql system design java experience project internship,machine learning javascript algorithms java data structures system design required preferred role
system design javascript aws data structures scikit-learn numpy kubernetes postgresql machine learning experience project internship,system design kubernetes sql postgresql numpy data structures algorithms required preferred role
system design kubernetes numpy pandas react docker deep learning experience project internship,deep learning machine learning fastapi pandas required preferred role
javascript data structures java experience project internship,python kubernetes postgresql deep learning java required preferred role
data structures react system design deep learning pandas experience project internship,algorithms kubernetes aws scikit-learn docker sql required preferred role
postgresql numpy docker system design aws react experience project internship,docker aws javascript sql required preferred role
data structures kubernetes react aws system design deep learning algorithms postgresql experience project internship,docker postgresql numpy python algorithms data structures fastapi required preferred role
pandas fastapi data structures docker experience project internship,scikit-learn pandas react python postgresql machine learning numpy required preferred role
pandas java numpy javascript experience project internship,pandas deep learning docker fastapi system design required preferred role
fastapi algorithms javascript experience project internship,docker sql postgresql algorithms deep learning aws required preferred role
react data structures sql aws java postgresql fastapi system design docker experience project internship,fastapi deep learning python required preferred role
javascript system design scikit-learn deep learning python numpy java postgresql experience project internship,docker system design java required preferred role
javascript pandas scikit-learn postgresql python experience project internship,java postgresql machine learning python aws deep learning data structures required preferred role
deep learning postgresql kubernetes javascript data structures numpy aws experience project internship,sql scikit-learn javascript pandas numpy postgresql data structures required preferred role
python kubernetes deep learning numpy aws data structures docker scikit-learn experience project internship,deep learning javascript docker sql required preferred role
react data structures postgresql fastapi deep learning kubernetes scikit-learn experience project internship,sql pandas fastapi scikit-learn algorithms machine learning deep learning required preferred role
java javascript numpy kubernetes aws algorithms python docker experience project internship,postgresql system design numpy javascript docker react kubernetes required preferred role
scikit-learn kubernetes deep learning fastapi javascript docker machine learning experience project internship,fastapi system design deep learning docker algorithms required preferred role
numpy python docker sql kubernetes deep learning experience project internship,pandas sql java system design python required preferred role
pandas data structures javascript sql postgresql experience project internship,system design python postgresql sql pandas algorithms required preferred role
postgresql system design docker numpy fastapi aws deep learning kubernetes data structures experience project internship,java deep learning fastapi pandas system design scikit-learn required preferred role
python aws algorithms kubernetes data structures experience project internship,kubernetes aws pandas javascript docker data structures machine learning required preferred role
scikit-learn sql deep learning java python javascript experience project internship,postgresql aws react algorithms deep learning pandas required preferred role
docker react pandas algorithms scikit-learn java experience project internship,numpy react pandas required preferred role
fastapi machine learning algorithms sql react postgresql docker experience project internship,postgresql fastapi react required preferred role
java numpy deep learning data structures experience project internship,algorithms docker machine learning sql numpy deep learning react required preferred role
postgresql data structures fastapi algorithms java kubernetes pandas python javascript experience project internship,machine learning postgresql pandas numpy kubernetes sql required preferred role
react java deep learning pandas fastapi experience project internship,javascript sql deep learning python system design required preferred role
scikit-learn kubernetes pandas numpy aws data structures javascript sql system design experience project internship,java aws numpy kubernetes required preferred role
deep learning react fastapi javascript experience project internship,aws docker sql scikit-learn required preferred role
java python numpy postgresql fastapi machine learning pandas algorithms system design experience project internship,docker javascript kubernetes system design algorithms data structures required preferred role
python algorithms machine learning system design kubernetes numpy react experience project internship,numpy react fastapi required preferred role
python deep learning algorithms data structures java numpy kubernetes react machine learning experience project internship,system design data structures fastapi required preferred role
scikit-learn docker python deep learning numpy machine learning sql system design experience project internship,javascript java scikit-learn required preferred role
python pandas postgresql experience project internship,react python postgresql machine learning numpy required preferred role
pandas deep learning scikit-learn algorithms kubernetes experience project internship,postgresql java react required preferred role
machine learning aws postgresql experience project internship,numpy machine learning system design fastapi deep learning required preferred role
fastapi data structures java numpy postgresql pandas deep learning javascript system design experience project internship,postgresql machine learning numpy python required preferred role
pandas aws python algorithms data structures kubernetes deep learning java experience project internship,deep learning pandas machine learning fastapi required preferred role
system design postgresql scikit-learn react data structures deep learning machine learning javascript pandas experience project internship,python system design scikit-learn docker data structures aws javascript required preferred role
sql java machine learning numpy aws react experience project internship,aws algorithms kubernetes javascript java postgresql sql required preferred role
aws python react postgresql docker machine learning numpy system design javascript experience project internship,react scikit-learn algorithms numpy kubernetes system design required preferred role
java scikit-learn data structures docker experience project internship,algorithms system design pandas required preferred role
aws java data structures machine learning algorithms system design kubernetes deep learning postgresql experience project internship,python numpy scikit-learn system design aws deep learning required preferred role
python system design sql docker java algorithms data structures experience project internship,kubernetes system design fastapi scikit-learn algorithms deep learning postgresql required preferred role
fastapi javascript machine learning pandas experience project internship,system design sql react postgresql required preferred role
system design machine learning scikit-learn experience project internship,machine learning docker javascript numpy fastapi sql pandas required preferred role
docker scikit-learn machine learning javascript postgresql pandas java experience project internship,pandas machine learning system design required preferred role
data structures deep learning react kubernetes fastapi sql scikit-learn experience project internship,kubernetes fastapi machine learning required preferred role
deep learning scikit-learn aws react docker experience project internship,react java numpy aws sql required preferred role
postgresql java machine learning javascript react experience project internship,sql algorithms machine learning python required preferred role
pandas data structures kubernetes experience project internship,deep learning fastapi aws algorithms required preferred role
fastapi system design python numpy kubernetes deep learning scikit-learn java experience project internship,algorithms fastapi aws machine learning scikit-learn kubernetes deep learning required preferred role
data structures scikit-learn machine learning react sql python experience project internship,algorithms numpy react python required preferred role
data structures deep learning numpy sql algorithms python aws java experience project internship,aws java javascript scikit-learn postgresql kubernetes required preferred role
docker fastapi scikit-learn numpy pandas kubernetes javascript algorithms experience project internship,numpy data structures aws scikit-learn docker required preferred role
docker sql python experience project internship,machine learning algorithms docker react postgresql javascript kubernetes required preferred role
python deep learning java numpy docker kubernetes scikit-learn data structures experience project internship,fastapi scikit-learn numpy react java machine learning aws required preferred role
aws data structures fastapi system design javascript numpy experience project internship,deep learning system design algorithms required preferred role
scikit-learn data structures java machine learning experience project internship,data structures sql aws system design deep learning postgresql required preferred role
algorithms docker javascript pandas kubernetes python system design java postgresql experience project internship,fastapi java postgresql sql required preferred role
python numpy deep learning scikit-learn docker system design experience project internship,machine learning algorithms numpy deep learning javascript system design required preferred role
javascript system design scikit-learn react sql algorithms machine learning python experience project internship,react fastapi sql required preferred role
postgresql pandas numpy fastapi data structures machine learning experience project internship,docker sql kubernetes system design postgresql required preferred role
numpy javascript fastapi kubernetes sql python java data structures postgresql experience project internship,pandas data structures numpy required preferred role
react postgresql sql fastapi scikit-learn pandas system design experience project internship,javascript kubernetes fastapi python scikit-learn docker required preferred role
pandas system design machine learning docker python data structures deep learning algorithms postgresql experience project internship,data structures deep learning system design postgresql required preferred role
pandas numpy deep learning machine learning javascript fastapi postgresql aws data structures experience project internship,kubernetes python deep learning required preferred role
python aws java numpy kubernetes deep learning docker experience project internship,python fastapi algorithms docker sql required preferred role
fastapi pandas sql experience project internship,aws numpy java machine learning required preferred role
java algorithms machine learning react numpy javascript experience project internship,algorithms data structures machine learning java pandas required preferred role
kubernetes aws scikit-learn algorithms experience project internship,deep learning data structures python docker required preferred role
pandas sql postgresql aws machine learning kubernetes numpy experience project internship,react scikit-learn algorithms data structures sql docker fastapi required preferred role
data structures docker algorithms machine learning numpy system design fastapi aws experience project internship,scikit-learn machine learning fastapi system design javascript required preferred role
postgresql deep learning python experience project internship,javascript numpy sql deep learning required preferred role
system design machine learning algorithms python experience project internship,python scikit-learn algorithms react machine learning sql required preferred role
scikit-learn system design javascript fastapi docker experience project internship,kubernetes java python machine learning required preferred role
scikit-learn kubernetes sql experience project internship,machine learning docker scikit-learn data structures postgresql required preferred role
data structures algorithms pandas postgresql numpy machine learning experience project internship,deep learning machine learning java required preferred role
deep learning java data structures experience project internship,numpy deep learning pandas react machine learning required preferred role
docker scikit-learn python postgresql system design experience project internship,aws python numpy machine learning sql javascript required preferred role
machine learning fastapi algorithms docker experience project internship,postgresql java python algorithms pandas required preferred role
scikit-learn react algorithms machine learning java experience project internship,sql python kubernetes machine learning aws javascript react required preferred role
pandas java scikit-learn algorithms experience project internship,algorithms postgresql javascript numpy sql deep learning required preferred role
react machine learning scikit-learn data structures experience project internship,pandas fastapi java docker machine learning javascript required preferred role
docker pandas javascript system design react deep learning aws machine learning postgresql experience project internship,system design sql react pandas required preferred role
kubernetes sql numpy deep learning experience project internship,machine learning postgresql react system design required preferred role
machine learning aws java system design algorithms scikit-learn experience project internship,docker deep learning pandas algorithms numpy required preferred role
python java scikit-learn numpy system design sql fastapi docker experience project internship,java javascript scikit-learn system design postgresql required preferred role
scikit-learn algorithms aws experience project internship,fastapi react sql postgresql pandas required preferred role
fastapi postgresql java aws docker kubernetes machine learning python system design experience project internship,docker sql python fastapi system design scikit-learn required preferred role
pandas kubernetes python numpy experience project internship,python scikit-learn docker kubernetes data structures deep learning fastapi required preferred role
postgresql machine learning java javascript pandas aws algorithms sql data structures experience project internship,postgresql react python required preferred role
numpy machine learning data structures javascript scikit-learn experience project internship,postgresql fastapi react machine learning numpy python required preferred role
docker fastapi pandas javascript aws postgresql experience project internship,system design kubernetes numpy pandas required preferred role
system design deep learning javascript postgresql scikit-learn aws data structures experience project internship,algorithms pandas postgresql docker system design required preferred role
numpy python javascript react experience project internship,data structures fastapi deep learning java sql pandas aws required preferred role
fastapi pandas react aws python experience project internship,system design machine learning pandas java python required preferred role
python deep learning aws scikit-learn experience project internship,machine learning sql data structures system design required preferred role
java scikit-learn python pandas system design postgresql kubernetes fastapi experience project internship,javascript pandas algorithms system design docker required preferred role
sql javascript docker experience project internship,react scikit-learn postgresql required preferred role
machine learning postgresql kubernetes data structures java javascript system design algorithms react experience project internship,data structures aws scikit-learn docker algorithms required preferred role
python scikit-learn machine learning fastapi experience project internship,python data structures scikit-learn javascript java sql aws required preferred role
scikit-learn system design data structures algorithms experience project internship,postgresql aws algorithms numpy python system design required preferred role
data structures deep learning fastapi aws system design numpy experience project internship,java python scikit-learn docker data structures required preferred role
sql algorithms data structures scikit-learn javascript experience project internship,machine learning system design postgresql scikit-learn java required preferred role
sql javascript scikit-learn experience project internship,react numpy data structures machine learning deep learning required preferred role
algorithms python postgresql javascript deep learning experience project internship,postgresql pandas scikit-learn javascript aws required preferred role
scikit-learn system design pandas algorithms numpy python docker javascript experience project internship,data structures sql system design python scikit-learn numpy required preferred role
numpy react scikit-learn postgresql algorithms experience project internship,system design postgresql kubernetes sql required preferred role
system design machine learning algorithms react numpy postgresql java data structures deep learning experience project internship,system design machine learning java docker sql deep learning required preferred role
javascript kubernetes sql react deep learning scikit-learn experience project internship,docker python deep learning kubernetes java fastapi system design required preferred role
data structures docker sql java aws fastapi scikit-learn pandas experience project internship,aws python javascript fastapi pandas algorithms required preferred role
machine learning pandas javascript deep learning fastapi sql kubernetes experience project internship,fastapi python data structures aws machine learning java required preferred role
sql react javascript scikit-learn deep learning fastapi data structures algorithms experience project internship,kubernetes deep learning python docker numpy javascript required preferred role
docker javascript java experience project internship,react aws java required preferred role
numpy deep learning javascript docker system design python experience project internship,numpy java javascript machine learning react aws deep learning required preferred role
fastapi machine learning pandas deep learning data structures experience project internship,python kubernetes algorithms javascript docker machine learning required preferred role
numpy data structures deep learning python algorithms scikit-learn kubernetes docker pandas experience project internship,machine learning kubernetes algorithms deep learning aws postgresql docker required preferred role
kubernetes scikit-learn aws sql fastapi python system design data structures experience project internship,deep learning postgresql data structures python fastapi aws required preferred role
system design fastapi postgresql data structures scikit-learn react deep learning sql numpy experience project internship,sql kubernetes numpy python required preferred role
docker algorithms python numpy machine learning experience project internship,java sql machine learning numpy pandas required preferred role
algorithms react machine learning java data structures experience project internship,numpy algorithms python system design required preferred role
postgresql fastapi kubernetes scikit-learn system design algorithms deep learning machine learning experience project internship,python deep learning aws kubernetes docker javascript system design required preferred role
postgresql python kubernetes docker react machine learning system design experience project internship,postgresql sql aws scikit-learn fastapi javascript required preferred role
system design python machine learning deep learning docker scikit-learn javascript pandas experience project internship,machine learning docker deep learning required preferred role
system design react data structures scikit-learn sql java python machine learning deep learning experience project internship,python kubernetes react required preferred role
kubernetes react fastapi java scikit-learn deep learning system design experience project internship,deep learning docker data structures pandas machine learning java required preferred role
sql scikit-learn machine learning docker experience project internship,pandas system design javascript machine learning postgresql fastapi docker required preferred role
algorithms react data structures experience project internship,scikit-learn kubernetes javascript pandas machine learning required preferred role
numpy data structures docker aws machine learning scikit-learn kubernetes experience project internship,numpy postgresql pandas scikit-learn fastapi data structures required preferred role
react sql pandas experience project internship,docker algorithms aws required preferred role
system design machine learning fastapi kubernetes react algorithms deep learning numpy experience project internship,numpy kubernetes react postgresql system design fastapi required preferred role
react pandas docker fastapi aws experience project internship,algorithms kubernetes machine learning fastapi javascript sql required preferred role
algorithms java kubernetes docker pandas machine learning deep learning experience project internship,pandas sql machine learning python deep learning system design required preferred role
pandas postgresql numpy javascript java docker deep learning kubernetes experience project internship,numpy scikit-learn kubernetes machine learning javascript algorithms pandas required preferred role
javascript algorithms java system design aws experience project internship,python java algorithms data structures required preferred role
kubernetes aws system design javascript postgresql java experience project internship,pandas scikit-learn algorithms deep learning kubernetes required preferred role
fastapi deep learning kubernetes system design docker scikit-learn sql experience project internship,scikit-learn algorithms numpy fastapi system design docker required preferred role
algorithms data structures aws pandas numpy docker sql experience project internship,scikit-learn postgresql react java required preferred role
aws data structures python system design react java experience project internship,react postgresql docker java fastapi required preferred role
react fastapi deep learning python javascript scikit-learn aws sql experience project internship,postgresql deep learning machine learning java required preferred role
docker java python algorithms experience project internship,javascript aws python react required preferred role
python fastapi system design experience project internship,react javascript pandas data structures system design required preferred role
fastapi kubernetes react sql machine learning aws numpy postgresql scikit-learn experience project internship,system design fastapi postgresql java data structures required preferred role
kubernetes system design algorithms pandas sql data structures experience project internship,algorithms java deep learning numpy python required preferred role
python machine learning postgresql experience project internship,kubernetes pandas postgresql required preferred role
docker algorithms java aws fastapi postgresql deep learning experience project internship,sql java deep learning python javascript react required preferred role
system design sql java kubernetes experience project internship,docker algorithms aws pandas machine learning sql required preferred role
postgresql aws sql data structures machine learning experience project internship,javascript docker system design sql python required preferred role
javascript java postgresql scikit-learn experience project internship,data structures react javascript postgresql kubernetes required preferred role
deep learning react docker python fastapi system design aws experience project internship,postgresql data structures pandas required preferred role
sql react algorithms docker numpy java kubernetes machine learning aws experience project internship,pandas data structures sql javascript postgresql scikit-learn numpy required preferred role
docker postgresql pandas deep learning experience project internship,deep learning java javascript react scikit-learn numpy required preferred role
algorithms postgresql java react javascript python aws kubernetes experience project internship,java numpy algorithms fastapi required preferred role
kubernetes sql aws scikit-learn react python postgresql javascript system design experience project internship,fastapi python javascript required preferred role
docker deep learning javascript data structures experience project internship,machine learning javascript algorithms required preferred role
kubernetes javascript fastapi postgresql react scikit-learn python experience project internship,react numpy aws system design required preferred role
fastapi sql java react kubernetes experience project internship,aws algorithms deep learning numpy postgresql kubernetes required preferred role
react fastapi python postgresql scikit-learn aws pandas java experience project internship,sql docker aws javascript machine learning required preferred role
java aws sql data structures kubernetes scikit-learn docker experience project internship,kubernetes postgresql scikit-learn system design required preferred role
pandas kubernetes postgresql numpy aws data structures experience project internship,pandas java scikit-learn sql machine learning required preferred role
python fastapi kubernetes experience project internship,scikit-learn pandas sql machine learning required preferred role
docker scikit-learn deep learning algorithms javascript fastapi react python data structures experience project internship,numpy machine learning fastapi required preferred role
javascript deep learning pandas scikit-learn machine learning java fastapi experience project internship,algorithms react deep learning javascript required preferred role
sql algorithms data structures system design kubernetes numpy docker experience project internship,java docker pandas required preferred role
deep learning machine learning kubernetes experience project internship,aws data structures algorithms sql javascript required preferred role
system design java numpy experience project internship,machine learning system design numpy data structures postgresql javascript required preferred role
fastapi deep learning java react system design machine learning kubernetes aws algorithms experience project internship,algorithms deep learning docker sql javascript react required preferred role
postgresql algorithms sql pandas aws data structures react python experience project internship,postgresql kubernetes numpy java required preferred role
scikit-learn docker javascript system design react experience project internship,sql algorithms scikit-learn postgresql required preferred role
python numpy java react postgresql experience project internship,kubernetes aws python react javascript machine learning numpy required preferred role
python algorithms sql react experience project internship,scikit-learn sql system design data structures numpy required preferred role
postgresql data structures machine learning system design python sql java experience project internship,docker fastapi algorithms required preferred role
javascript kubernetes aws experience project internship,postgresql react pandas data structures aws python required preferred role
deep learning data structures aws kubernetes experience project internship,numpy kubernetes algorithms react docker required preferred role
system design pandas kubernetes react scikit-learn java deep learning sql python experience project internship,system design postgresql java aws kubernetes data structures deep learning required preferred role
machine learning postgresql pandas react sql aws fastapi python javascript experience project internship,fastapi docker java required preferred role
java aws system design algorithms docker pandas react kubernetes sql experience project internship,aws pandas docker required preferred role
postgresql deep learning algorithms aws experience project internship,sql java javascript deep learning numpy required preferred role
algorithms aws numpy java fastapi javascript pandas machine learning experience project internship,sql docker java python javascript postgresql required preferred role
java fastapi kubernetes docker postgresql experience project internship,javascript aws pandas kubernetes required preferred role
javascript deep learning data structures docker react scikit-learn system design experience project internship,java fastapi python algorithms data structures required preferred role
numpy deep learning docker java postgresql kubernetes system design fastapi react experience project internship,deep learning kubernetes python aws postgresql sql algorithms required preferred role
java deep learning algorithms kubernetes python scikit-learn pandas javascript experience project internship,postgresql numpy react javascript system design aws scikit-learn required preferred role
react aws javascript python experience project internship,pandas deep learning postgresql aws numpy data structures required preferred role
deep learning docker javascript react data structures system design aws fastapi experience project internship,kubernetes machine learning javascript fastapi deep learning pandas required preferred role
pandas kubernetes react system design docker postgresql deep learning aws python experience project internship,javascript fastapi postgresql python docker required preferred role
sql machine learning numpy aws java python experience project internship,pandas docker javascript required preferred role
java pandas scikit-learn docker fastapi numpy experience project internship,java fastapi numpy kubernetes aws sql required preferred role
aws python machine learning system design java postgresql kubernetes algorithms sql experience project internship,machine learning data structures react scikit-learn required preferred role
kubernetes fastapi javascript python machine learning pandas algorithms sql experience project internship,java deep learning docker postgresql javascript required preferred role
react aws python pandas javascript deep learning experience project internship,javascript fastapi sql python required preferred role
fastapi numpy data structures react postgresql system design algorithms experience project internship,javascript docker data structures sql required preferred role
postgresql react javascript kubernetes numpy docker data structures pandas algorithms experience project internship,postgresql java numpy kubernetes required preferred role
machine learning deep learning react kubernetes algorithms docker data structures postgresql experience project internship,system design fastapi data structures javascript sql algorithms required preferred role
scikit-learn system design numpy data structures python kubernetes pandas algorithms experience project internship,system design machine learning deep learning required preferred role
python machine learning java experience project internship,java pandas react data structures deep learning docker required preferred role
aws postgresql machine learning kubernetes deep learning sql experience project internship,machine learning data structures java aws required preferred role
numpy docker react javascript kubernetes machine learning sql postgresql experience project internship,deep learning system design react javascript required preferred role
fastapi algorithms machine learning data structures aws system design react docker experience project internship,machine learning deep learning data structures python required preferred role
kubernetes postgresql java scikit-learn experience project internship,javascript deep learning sql system design postgresql python pandas required preferred role
sql react postgresql python experience project internship,postgresql aws data structures machine learning pandas required preferred role
pandas algorithms react experience project internship,javascript react fastapi pandas required preferred role
pandas java fastapi python docker experience project internship,scikit-learn docker machine learning data structures deep learning pandas required preferred role
system design sql javascript react python numpy kubernetes experience project internship,kubernetes java aws required preferred role
python javascript algorithms sql docker numpy experience project internship,aws sql docker required preferred role
java kubernetes pandas sql data structures python numpy algorithms experience project internship,react kubernetes docker postgresql system design required preferred role
scikit-learn algorithms sql javascript postgresql aws deep learning experience project internship,pandas aws python docker algorithms javascript kubernetes required preferred role
docker machine learning postgresql data structures kubernetes experience project internship,python fastapi kubernetes deep learning docker java aws required preferred role
python java scikit-learn kubernetes sql machine learning javascript react system design experience project internship,kubernetes system design python react scikit-learn aws required preferred role
docker machine learning algorithms javascript numpy pandas scikit-learn data structures experience project internship,fastapi numpy sql scikit-learn deep learning aws required preferred role
machine learning scikit-learn aws postgresql java data structures deep learning system design experience project internship,java javascript algorithms aws machine learning required preferred role
java javascript machine learning data structures scikit-learn react sql algorithms python experience project internship,machine learning react data structures java algorithms deep learning aws required preferred role
aws docker machine learning scikit-learn deep learning python kubernetes fastapi javascript experience project internship,system design machine learning numpy kubernetes data structures required preferred role
scikit-learn python numpy javascript sql system design kubernetes aws fastapi experience project internship,docker python javascript java required preferred role
react docker system design algorithms experience project internship,scikit-learn machine learning pandas data structures required preferred role
deep learning algorithms kubernetes sql postgresql docker java python experience project internship,fastapi numpy aws scikit-learn python pandas required preferred role
sql machine learning postgresql deep learning python experience project internship,numpy deep learning pandas system design fastapi sql required preferred role
aws docker numpy pandas react algorithms scikit-learn experience project internship,aws data structures sql required preferred role
react java system design experience project internship,sql data structures deep learning required preferred role
machine learning java aws postgresql experience project internship,data structures sql scikit-learn aws kubernetes required preferred role
algorithms react pandas postgresql machine learning experience project internship,kubernetes deep learning machine learning java data structures react required preferred role
machine learning algorithms numpy experience project internship,deep learning scikit-learn machine learning required preferred role
fastapi pandas algorithms data structures experience project internship,python sql postgresql fastapi react pandas scikit-learn required preferred role
kubernetes aws scikit-learn postgresql data structures react algorithms docker experience project internship,numpy deep learning python fastapi system design required preferred role
algorithms system design fastapi docker sql pandas experience project internship,scikit-learn algorithms pandas postgresql fastapi numpy java required preferred role
scikit-learn fastapi python javascript experience project internship,machine learning docker javascript numpy required preferred role
system design python algorithms numpy data structures experience project internship,data structures java machine learning scikit-learn required preferred role
fastapi sql deep learning docker python pandas system design experience project internship,postgresql python numpy kubernetes required preferred role
machine learning javascript java kubernetes react experience project internship,numpy aws kubernetes docker pandas required preferred role
docker data structures scikit-learn postgresql python algorithms javascript java numpy experience project internship,scikit-learn aws numpy required preferred role
numpy aws java machine learning experience project internship,scikit-learn postgresql sql data structures react pandas python required preferred role
deep learning system design react scikit-learn python sql experience project internship,deep learning system design kubernetes aws pandas react required preferred role
aws scikit-learn postgresql system design algorithms java fastapi experience project internship,react algorithms aws deep learning docker required preferred role
react kubernetes scikit-learn aws python machine learning experience project internship,pandas python scikit-learn sql data structures algorithms required preferred role
data structures python react docker sql javascript experience project internship,postgresql deep learning data structures required preferred role
postgresql algorithms javascript pandas numpy docker python machine learning experience project internship,system design javascript java pandas machine learning aws required preferred role
numpy data structures system design algorithms experience project internship,fastapi aws javascript machine learning scikit-learn required preferred role
data structures java sql python scikit-learn fastapi docker kubernetes pandas experience project internship,react data structures javascript aws pandas required preferred role
numpy deep learning pandas postgresql kubernetes experience project internship,fastapi algorithms javascript required preferred role
scikit-learn deep learning kubernetes python aws data structures java sql system design experience project internship,deep learning fastapi java machine learning aws required preferred role
machine learning python java docker javascript react system design postgresql experience project internship,aws deep learning java pandas python numpy docker required preferred role
aws python docker pandas experience project internship,algorithms pandas python react postgresql system design fastapi required preferred role
fastapi postgresql numpy machine learning pandas system design experience project internship,numpy fastapi java kubernetes required preferred role
docker sql algorithms pandas machine learning kubernetes experience project internship,java pandas javascript postgresql scikit-learn fastapi required preferred role
deep learning numpy java python data structures experience project internship,algorithms docker machine learning kubernetes aws required preferred role
scikit-learn python javascript docker algorithms kubernetes react pandas java experience project internship,docker algorithms deep learning system design python required preferred role
pandas docker java machine learning postgresql data structures system design algorithms python experience project internship,pandas sql javascript aws required preferred role
scikit-learn javascript data structures docker aws java react experience project internship,pandas numpy aws system design sql required preferred role
react pandas numpy algorithms sql machine learning data structures scikit-learn postgresql experience project internship,sql numpy aws algorithms react machine learning required preferred role
algorithms java sql kubernetes scikit-learn aws machine learning experience project internship,system design deep learning sql kubernetes required preferred role
python postgresql aws react deep learning sql algorithms pandas numpy experience project internship,aws numpy scikit-learn deep learning postgresql machine learning fastapi required preferred role
pandas python algorithms experience project internship,system design postgresql algorithms java required preferred role
pandas fastapi numpy sql javascript experience project internship,python docker sql required preferred role
python algorithms system design aws machine learning numpy experience project internship,sql javascript algorithms kubernetes required preferred role
docker machine learning react java numpy algorithms sql experience project internship,system design aws python required preferred role
aws data structures react numpy deep learning pandas postgresql scikit-learn algorithms experience project internship,pandas data structures sql algorithms python required preferred role
sql react scikit-learn numpy python experience project internship,pandas deep learning scikit-learn sql required preferred role
machine learning pandas aws fastapi experience project internship,postgresql react fastapi pandas numpy python required preferred role
java pandas kubernetes postgresql machine learning numpy experience project internship,algorithms react docker sql python numpy javascript required preferred role
java data structures system design pandas experience project internship,scikit-learn system design pandas data structures required preferred role
system design react docker numpy experience project internship,python react javascript system design algorithms required preferred role
python deep learning aws docker experience project internship,docker postgresql javascript pandas python algorithms required preferred role
scikit-learn sql python javascript experience project internship,javascript system design kubernetes postgresql required preferred role
scikit-learn javascript algorithms data structures numpy react experience project internship,javascript data structures pandas machine learning numpy required preferred role
aws sql docker postgresql javascript pandas fastapi experience project internship,data structures fastapi aws algorithms required preferred role
algorithms system design java experience project internship,javascript machine learning python required preferred role
machine learning docker deep learning aws fastapi python experience project internship,pandas machine learning deep learning javascript algorithms kubernetes java required preferred role
